taxonomy_id,taxonomy_title,taxonomy_type,taxonomy_parent,slug,sort_order,taxonomy_description
1,Resurse de Front End Development,section,,resurse-front-end-development,0,"Instrumente și ghiduri pentru dezvoltarea abilităților front end: HTML, CSS, JavaScript, și framework-uri moderne."
2,Introducere în Front End,category,1,introducere-front-end,0,"Învață bazele dezvoltării front end cu tutoriale pentru HTML, CSS și JavaScript."
3,Unelte Utile de Front End,category,1,unelte-utile-front-end,0,"Cele mai bune unelte pentru eficientizarea muncii în front end: editoare, plugin-uri și versiuni de control."
4,Browsere și plugin-uri,subcategory,3,browsere-pluginuri,0,Ghiduri pentru utilizarea browserelor și plugin-urilor esențiale în dezvoltarea front end.
5,Editoare text și IDE-uri,subcategory,3,editoare-text-ideuri,0,Recomandări pentru cele mai performante editoare text și IDE-uri pentru dezvoltatori front end.
6,Version control și GIT,subcategory,3,version-control-git,0,Resurse pentru gestionarea codului sursă utilizând GIT și alte sisteme de versionare.
7,Transfer de fișiere și FTP,subcategory,3,transfer-fisiere-ftp,0,Tutoriale pentru transferul fișierelor și utilizarea protocolului FTP în proiectele web.
8,Testarea site-urilor,subcategory,3,testarea-siteurilor,0,Tehnici și instrumente pentru testarea performanței și funcționalității site-urilor web.
9,Hosting & deployment pentru site-uri,subcategory,3,hosting-deployment-pentru,0,Ghiduri pentru găzduirea și implementarea site-urilor web pe servere.
10,Alte unelte și resurse de Front End,subcategory,3,alte-unelte-resurse-front-end,0,O colecție de unelte și resurse diverse pentru dezvoltatorii front end.
11,HTML (Hyper Text Markup Language),category,1,html-hyper-text-markup-language,0,Resurse complete pentru învățarea și utilizarea HTML în dezvoltarea web.
12,Elemente de bază,subcategory,11,elemente-baza,0,Ghiduri pentru elementele fundamentale ale limbajului HTML.
13,Arhitectură și structuri informaționale,subcategory,11,arhitectura-structuri,0,Sfaturi pentru organizarea și structurarea informației pe paginile web.
14,Secțiuni de conținut,subcategory,11,sectiuni-continut,0,Tehnici pentru crearea și gestionarea secțiunilor de conținut în HTML.
15,Formulare,subcategory,11,formulare,0,Ghiduri pentru crearea formularelor interactive și accesibile în HTML.
16,Meta informații,subcategory,11,meta-informatii,0,Utilizarea meta tag-urilor pentru optimizarea paginilor web.
17,Semantică,subcategory,11,semantica,0,Importanța elementelor semantice în HTML și cum să le folosești eficient.
18,Multimedia și elemente non-standard,subcategory,11,multimedia-elemente-nonstandard,0,Integrarea elementelor multimedia și personalizate în paginile web.
19,Embed-uri și Web Components,subcategory,11,embeduri-web-components,0,Ghiduri pentru includerea componentelor web și a elementelor integrate în HTML.
20,Convenții și bune practici,subcategory,11,conventii-bune-practici,0,Cele mai bune practici și convenții pentru scrierea codului HTML.
21,Accesibilitate,subcategory,11,accesibilitate,0,"Ghiduri pentru crearea de pagini web accesibile pentru toți utilizatorii, inclusiv pentru cei cu dizabilități."
22,SEO Tehnic,subcategory,11,seo-tehnic,0,Tehnici avansate de SEO pentru optimizarea tehnică a paginilor web și îmbunătățirea clasamentelor în motoarele de căutare.
23,Progressive enhancement,subcategory,11,progressive-enhancement,0,Strategii pentru a asigura o experiență de utilizare îmbunătățită pe toate dispozitivele și browserele.
24,Performanță,subcategory,11,performanta,0,Optimizarea performanței paginilor web pentru încărcare rapidă și experiență utilizator excelentă.
25,Emmet și alte utilitare pentru viteză,subcategory,11,emmet-alte-utilitare-pentru,0,Utilizarea Emmet și a altor instrumente pentru a crește eficiența și viteza de codare.
26,CSS (Cascading Style Sheets),category,1,css-cascading-style-sheets,0,Resurse pentru învățarea și utilizarea CSS pentru a stiliza paginile web și a crea design-uri atractive.
27,Introducere în CSS,subcategory,26,introducere-css,0,Bazele CSS: învățarea sintaxei și a conceptelor fundamentale pentru stilizarea paginilor web.
28,Componente și detalii,subcategory,26,componente-detalii,0,Ghiduri pentru utilizarea componentelor CSS și detalii pentru stilizarea avansată a elementelor web.
29,Tipografie,subcategory,26,tipografie,0,Stilizarea textului pe paginile web utilizând CSS pentru a crea design-uri tipografice profesionale.
30,Layout și Box Model,subcategory,26,layout-box-model,0,Tehnici pentru crearea layout-urilor responsive și utilizarea modelului Box pentru aranjarea elementelor.
31,Interactivitate,subcategory,26,interactivitate,0,Adăugarea de interactivitate pe paginile web utilizând CSS și pseudo-clase.
32,Animații și efecte speciale,subcategory,26,animatii-efecte-speciale,0,Crearea de animații și efecte speciale în CSS pentru a îmbunătăți experiența utilizatorului.
33,Principii și sisteme de design,subcategory,26,principii-sisteme-design,0,Implementarea principiilor de design și a sistemelor de design pentru coerență vizuală.
34,SCSS vs SASS vs LESS,subcategory,26,scss-vs-sass-vs-less,0,"Compararea și utilizarea preprocesatoarelor CSS: SCSS, SASS și LESS."
35,Tailwind și alte framework-uri de CSS,subcategory,26,tailwind-alte-frameworkuri-css,0,Utilizarea Tailwind și a altor framework-uri CSS pentru a crea design-uri rapide și eficiente.
36,Layout & Mobile-first Responsive Web Design,category,1,layout-mobilefirst-responsive,0,"Strategii de design responsive, începând cu dispozitivele mobile pentru o experiență optimă."
37,Responsive Web Design,subcategory,36,responsive-web-design,0,Ghiduri pentru crearea de pagini web responsive care se adaptează la diferite dimensiuni de ecran.
38,Mobile 1st,subcategory,36,mobile-1st,0,Abordarea Mobile-First: începerea design-ului pentru dispozitive mobile și extinderea la ecrane mai mari.
39,Layout,subcategory,36,layout,0,Crearea de layout-uri flexibile și adaptive pentru paginile web.
40,Templating,subcategory,36,templating,0,Utilizarea șabloanelor pentru a simplifica dezvoltarea paginilor web și a menține coerența design-ului.
41,"Implementare de design, templating și UX",category,1,implementare-design-templating,0,"Ghiduri pentru implementarea design-ului, crearea de template-uri și optimizarea experienței utilizatorului (UX)."
42,UX (Experiența Utilizatorului),subcategory,41,ux-experienta-utilizatorului,0,Tehnici și principii pentru îmbunătățirea experienței utilizatorului pe site-uri și aplicații web.
43,Figma,subcategory,41,figma,0,Resurse pentru utilizarea Figma în design-ul UI/UX și colaborarea în echipă.
44,Adobe XD,subcategory,41,adobe-xd,0,Ghiduri pentru utilizarea Adobe XD în crearea de prototipuri și design-uri interactive.
45,Photoshop,subcategory,41,photoshop,0,Tutoriale pentru utilizarea Adobe Photoshop în design-ul web și editarea grafică.
46,JavaScript,category,1,javascript,0,"Resurse pentru învățarea JavaScript, de la bazele limbajului la tehnici avansate."
47,Introducere în JS,subcategory,46,introducere-js,0,Ghiduri pentru începători în JavaScript: sintaxă de bază și concepte fundamentale.
48,Sintaxă de bază în JS,subcategory,46,sintaxa-baza-js,0,Explicații detaliate ale sintaxei JavaScript pentru începători.
49,Tehnici avansate în JS,subcategory,46,tehnici-avansate-js,0,Resurse pentru învățarea tehnicilor avansate în JavaScript și optimizarea codului.
50,Algoritmică în JS,subcategory,46,algoritmica-js,0,Ghiduri pentru implementarea algoritmilor în JavaScript și soluționarea problemelor.
51,Cursuri și resurse de Vanilla JS,subcategory,46,cursuri-resurse-vanilla-js,0,Liste de cursuri și resurse pentru învățarea JavaScript pur (Vanilla JS).
52,Convenții și bune practici,subcategory,46,conventii-bune-practici-1,0,Cele mai bune practici și convenții pentru scrierea codului JavaScript de calitate.
53,TypeScript,category,1,typescript,0,Resurse pentru învățarea TypeScript și integrarea acestuia în proiectele web.
54,Introducere în TS,subcategory,53,introducere-ts,0,Ghiduri pentru începători în TypeScript: concepte fundamentale și sintaxă.
55,Types și aserții,subcategory,53,types-asertii,0,Explicații detaliate despre types și aserții în TypeScript.
56,Concepte avansate de TS,subcategory,53,concepte-avansate-ts,0,Resurse pentru învățarea conceptelor avansate de TypeScript și aplicarea acestora.
57,Module de TS,subcategory,53,module-ts,0,Ghiduri pentru utilizarea modulelor în TypeScript și organizarea codului.
58,Ecosistem de TS,subcategory,53,ecosistem-ts,0,Resurse pentru explorarea ecosistemului TypeScript și integrarea acestuia în diverse proiecte.
59,Tooling de Front End,category,1,tooling-front-end,0,"Instrumente esențiale pentru dezvoltarea front end, incluzând bundling, linting și testare."
60,Bundling (NPM),subcategory,59,bundling-npm,0,Ghiduri pentru utilizarea NPM în bundling-ul fișierelor JavaScript și gestionarea pachetelor.
61,Package Management (PNPM),subcategory,59,package-management-pnpm,0,Ghiduri pentru gestionarea pachetelor JavaScript folosind PNPM pentru eficiență și performanță.
62,Task running (?),subcategory,59,task-running-,0,Instrumente și tehnici pentru automatizarea sarcinilor în dezvoltarea front end.
63,Style formatting (Prettier),subcategory,59,style-formatting-prettier,0,Utilizarea Prettier pentru formatarea consistentă și automată a codului front end.
64,Linting (ESLint),subcategory,59,linting-eslint,0,Ghiduri pentru utilizarea ESLint în identificarea și corectarea erorilor de cod JavaScript.
65,Unit Testing (Vitest),subcategory,59,unit-testing-vitest,0,Resurse pentru testarea unităților de cod front end folosind Vitest.
66,End to End Testing (Playwright),subcategory,59,end-to-end-testing-playwright,0,Tehnici pentru testarea completă a aplicațiilor web folosind Playwright.
67,Type checking (TS),subcategory,59,type-checking-ts,0,Ghiduri pentru verificarea tipurilor de date în TypeScript.
68,Framework-uri și sisteme de Front End,category,1,frameworkuri-sisteme-front-end,0,Resurse pentru utilizarea celor mai populare framework-uri și sisteme de front end.
69,React.js și Next.js,subcategory,68,reactjs-nextjs,0,Ghiduri pentru dezvoltarea aplicațiilor web cu React.js și Next.js.
70,Vue și Nuxt.js,subcategory,68,vue-nuxtjs,0,Resurse pentru învățarea și utilizarea Vue.js și Nuxt.js în dezvoltarea front end.
71,Angular,subcategory,68,angular,0,Tutoriale și resurse pentru dezvoltarea aplicațiilor web folosind Angular.
72,Svelte și SvelteKit,subcategory,68,svelte-sveltekit,0,Ghiduri pentru utilizarea Svelte și SvelteKit în crearea de aplicații web eficiente.
73,Qwik și QwikCity,subcategory,68,qwik-qwikcity,0,Resurse pentru învățarea Qwik și QwikCity în dezvoltarea de aplicații performante.
74,Solid și SolidStart,subcategory,68,solid-solidstart,0,Ghiduri pentru utilizarea Solid și SolidStart în dezvoltarea de aplicații web.
75,Astro,subcategory,68,astro,0,Resurse pentru învățarea Astro pentru dezvoltarea site-urilor rapide și moderne.
76,Preact,subcategory,68,preact,0,Tutoriale pentru utilizarea Preact în dezvoltarea de aplicații rapide și eficiente.
77,Express,subcategory,68,express,0,Ghiduri pentru utilizarea Express în dezvoltarea aplicațiilor backend cu Node.js.
78,HTMX,subcategory,68,htmx,0,Resurse pentru învățarea HTMX pentru interactivitate fără JavaScript.
79,Alte framework-uri,subcategory,68,alte-frameworkuri,0,O colecție de resurse pentru alte framework-uri de front end.
80,Autentificare și securitate în Front End,category,1,autentificare-securitate-front,0,Ghiduri pentru implementarea autentificării și securității în aplicațiile front end.
81,"Autentificare (JWT, OAuth, SSO, Basic Auth, Session Auth)",subcategory,80,autentificare-jwt-oauth-sso,0,"Ghiduri pentru implementarea diverselor metode de autentificare în aplicațiile web: JWT, OAuth, SSO, Basic Auth, Session Auth."
82,"Securitate web (CORS, HTTPS, CSP, OWASP)",subcategory,80,securitate-web-cors-https-csp,0,"Resurse pentru securizarea aplicațiilor web utilizând CORS, HTTPS, CSP și ghidurile OWASP."
83,Strategii de randare și content delivery,category,1,strategii-randare-content,0,Tehnici pentru optimizarea randării și livrării conținutului în aplicațiile web.
84,Static & SSG / MPA,subcategory,83,static-ssg-mpa,0,Ghiduri pentru utilizarea generatorilor de site-uri statice și aplicațiilor multi-pagină.
85,Server & SSR,subcategory,83,server-ssr,0,Resurse pentru renderizarea pe server și optimizarea performanței aplicațiilor web.
86,Client & SPA,subcategory,83,client-spa,0,Tehnici pentru dezvoltarea aplicațiilor single-page (SPA) și îmbunătățirea experienței utilizatorului.
87,Hybrid (SSG + SSR + SPA),subcategory,83,hybrid-ssg-ssr-spa,0,"Combinații de renderizare pentru optimizarea aplicațiilor web: SSG, SSR și SPA."
88,"Multi-platform (PWA, Electron, React Native, Flutter)",subcategory,83,multiplatform-pwa-electron,0,"Ghiduri pentru dezvoltarea aplicațiilor multi-platformă utilizând PWA, Electron, React Native și Flutter."
89,Idei de proiecte de Front End,category,1,idei-proiecte-front-end,0,Sugestii și exemple de proiecte pentru a practica și îmbunătăți abilitățile de front end.
90,Știri și noutăți din programare,category,1,știri-noutati-din-programare,0,Surse de informare despre cele mai recente știri și tendințe în programare.
91,Site-uri cu articole,subcategory,90,siteuri-articole,0,Liste de site-uri cu articole și tutoriale despre programare și tehnologii.
92,Newslettere,subcategory,90,newslettere,0,Recomandări de newslettere pentru a rămâne la curent cu noutățile din programare.
93,Comunități,subcategory,90,comunitati,0,Ghiduri pentru implicarea în comunitățile de programare și colaborarea cu alți dezvoltatori.
94,Resurse de Programare și Back End Development,section,,resurse-programare-back-end,0,"Resurse pentru dezvoltarea abilităților de programare și back end, incluzând limbaje de programare și arhitectură software."
95,Introducere în programare,category,94,introducere-programare,0,"Ghiduri introductive pentru începători în programare, acoperind concepte și tehnici de bază."
96,Resurse pentru copii,subcategory,95,resurse-pentru-copii,0,Resurse și tutoriale pentru a învăța programarea de la o vârstă fragedă.
97,Locuri bune de unde să începi,subcategory,95,locuri-bune-unde-sa-incepi,0,Sugestii de resurse și platforme pentru a începe să înveți programarea.
98,Unelte Utile de Back End,category,94,unelte-utile-back-end,0,"Instrumente esențiale pentru dezvoltarea back end, incluzând editoare text, version control și gestionarea fișierelor."
99,Editoare text și IDE-uri,subcategory,98,editoare-text-ideuri-1,0,Recomandări pentru cele mai bune editoare text și medii de dezvoltare integrate (IDE-uri) pentru back end.
100,Version control și GIT,subcategory,98,version-control-git-1,0,Resurse pentru gestionarea codului sursă în proiectele back end utilizând GIT și alte sisteme de versionare.
101,Transfer de fișiere și FTP,subcategory,98,transfer-fisiere-ftp-1,0,Ghiduri detaliate pentru transferul eficient și securizat al fișierelor utilizând protocolul FTP în proiectele de back end.
102,API-uri publice gratuite,subcategory,98,apiuri-publice-gratuite,0,Resurse și exemple pentru integrarea și utilizarea API-urilor publice gratuite în dezvoltarea aplicațiilor back end.
103,Alte unelte și resurse de Back End,subcategory,98,alte-unelte-resurse-back-end,0,"O colecție variată de unelte și resurse esențiale pentru dezvoltatorii de back end, incluzând biblioteci și framework-uri."
104,Teoria programării și Computer Science,category,94,teoria-programarii-computer,0,"Concepte fundamentale și teorii avansate din știința calculatoarelor și programării, esențiale pentru orice dezvoltator."
105,Structuri de date,subcategory,104,structuri-date,0,Învață despre diverse structuri de date și aplicarea lor în optimizarea și eficientizarea codului de programare.
106,Notație asimptotică și Big O,subcategory,104,notatie-asimptotica-big-o,0,"Explicații și resurse pentru înțelegerea complexității algoritmice și a notației Big O, esențiale pentru evaluarea performanței."
107,Algoritmi comuni,subcategory,104,algoritmi-comuni,0,"Implementarea și analiza celor mai utilizați algoritmi în dezvoltarea software, pentru rezolvarea problemelor comune."
108,Manipulare de string-uri,subcategory,104,manipulare-stringuri,0,Tehnici și practici pentru manipularea și procesarea eficientă a șirurilor de caractere în diverse limbaje de programare.
109,Operatori binari,subcategory,104,operatori-binari,0,"Resurse pentru înțelegerea și aplicarea operatorilor binari în programare, esențiali pentru operațiuni la nivel de biți."
110,Numere reale și floating point,subcategory,104,numere-reale-floating-point,0,Ghiduri pentru manipularea și utilizarea numerelor reale și a celor de tip floating point în aplicațiile software.
111,Encoding de caractere,subcategory,104,encoding-caractere,0,Învață diferite metode de encoding al caracterelor și aplicarea lor în dezvoltarea aplicațiilor compatibile internațional.
112,Diagrame UML,subcategory,104,diagrame-uml,0,Crearea și utilizarea diagramelor UML pentru modelarea și vizualizarea arhitecturii sistemelor software complexe.
113,Design patterns,subcategory,104,design-patterns,0,Resurse detaliate pentru învățarea și aplicarea pattern-urilor de design în dezvoltarea eficientă a software-ului.
114,Clase de complexitate,subcategory,104,clase-complexitate,0,Explicații despre diverse clase de complexitate algoritmică și importanța lor în evaluarea performanței codului.
115,Arbori de căutare,subcategory,104,arbori-cautare,0,Implementarea și utilizarea arborilor de căutare pentru optimizarea proceselor de căutare și sortare în programare.
116,Design de sisteme,subcategory,104,design-sisteme,0,"Tehnici avansate pentru proiectarea și arhitectura sistemelor software mari și complexe, asigurând scalabilitatea și fiabilitatea."
117,Baze de date,subcategory,104,baze-date,0,"Ghiduri și resurse pentru proiectarea, implementarea și gestionarea bazelor de date relaționale și non-relaționale."
118,Rețelistică,subcategory,104,retelistica,0,"Concepte fundamentale și practici avansate în rețelistică, esențiale pentru dezvoltarea și întreținerea rețelelor de calculatoare."
119,Securitate,subcategory,104,securitate,0,"Resurse pentru protejarea aplicațiilor și a datelor, incluzând practici de securitate și instrumente pentru identificarea vulnerabilităților."
120,Cum funcționează calculatoarele,subcategory,104,cum-functioneaza-calculatoarele,0,"Înțelegerea modului în care funcționează calculatoarele, de la hardware la software, pentru o bază solidă în programare."
121,Procese și thread-uri,subcategory,104,procese-threaduri,0,"Ghiduri pentru gestionarea proceselor și thread-urilor în programare, asigurând execuția eficientă a aplicațiilor."
122,Matematica necesară programării,category,94,matematica-necesara-programarii,0,"Resurse și ghiduri pentru învățarea matematicii aplicate în programare, esențială pentru dezvoltarea algoritmilor și a aplicațiilor complexe."
123,Algebra liniară,subcategory,122,algebra-liniara,0,Detalii și exemple pentru aplicarea algoritmilor și structurilor de date în rezolvarea problemelor de programare.
124,Calcul diferențial,subcategory,122,calcul-diferential,0,Resurse avansate pentru proiectarea și dezvoltarea arhitecturilor software scalabile și eficiente.
125,Teoria grafurilor,subcategory,122,teoria-grafurilor,0,Ghiduri detaliate pentru utilizarea design patterns în crearea de software robust și ușor de întreținut.
126,Algebra liniară,subcategory,122,algebra-liniara-1,0,Resurse pentru aplicarea principiilor de domain driven design în dezvoltarea aplicațiilor orientate pe domeniu.
127,Calcul diferențial,subcategory,122,calcul-diferential-1,0,Tehnici și practici pentru dezvoltarea software-ului bazată pe teste (TDD) pentru asigurarea calității codului.
128,Teoria grafurilor,subcategory,122,teoria-grafurilor-1,0,Ghiduri pentru înțelegerea și implementarea modelului CQRS în arhitectura software pentru separarea responsabilităților.
129,Algoritmi și structuri de date,category,94,algoritmi-structuri-date,0,Resurse pentru învățarea și aplicarea tehnicii de event sourcing în gestionarea stării aplicațiilor.
130,Sortări,subcategory,129,sortari,0,Explorarea diverselor modele arhitecturale utilizate în dezvoltarea de software scalabil și performant.
131,Căutări,subcategory,129,cautari,0,Ghiduri pentru utilizarea brokerilor de mesaje în comunicarea și coordonarea componentelor aplicațiilor distribuite.
132,Structuri de date avansate,subcategory,129,structuri-date-avansate,0,Resurse pentru utilizarea tehnologiilor de containerizare și virtualizare în dezvoltarea și gestionarea aplicațiilor.
133,Sortări,subcategory,129,sortari-1,0,Tehnici și practici pentru dezvoltarea aplicațiilor server-client eficiente și scalabile.
134,Căutări,subcategory,129,cautari-1,0,Ghiduri pentru proiectarea și implementarea aplicațiilor scalabile care pot gestiona creșterea traficului și a datelor.
135,Structuri de date avansate,subcategory,129,structuri-date-avansate-1,0,Resurse variate pentru învățarea și utilizarea diverselor limbaje de programare în dezvoltarea de software.
136,Design și arhitectură software,category,94,design-arhitectura-software,0,Ghiduri pentru utilizarea Node.js în dezvoltarea aplicațiilor back end performante și scalabile.
137,Design patterns,subcategory,136,design-patterns-1,0,Resurse pentru învățarea și utilizarea limbajului PHP în dezvoltarea aplicațiilor web dinamice.
138,Domain driven design,subcategory,136,domain-driven-design,0,Ghiduri și tutoriale pentru învățarea limbajului Python și aplicarea acestuia în diverse proiecte software.
139,Test driven development,subcategory,136,test-driven-development,0,Resurse pentru învățarea și utilizarea limbajului Java în dezvoltarea aplicațiilor robuste și scalabile.
140,CQRS,subcategory,136,cqrs,0,"Ghiduri pentru învățarea limbajelor C și C++, incluzând practici de programare eficientă și aplicații."
141,Event sourcing,subcategory,136,event-sourcing,0,Resurse și ghiduri pentru event sourcing.
142,Modele arhitecturale,subcategory,136,modele-arhitecturale,0,Resurse și ghiduri pentru modele arhitecturale.
143,Brokeri de mesaje,subcategory,136,brokeri-mesaje,0,Resurse și ghiduri pentru brokeri de mesaje.
144,Containerizare și virtualizare,subcategory,136,containerizare-virtualizare,0,Resurse și ghiduri pentru containerizare și virtualizare.
145,Servere și clienți,subcategory,136,servere-clienti,0,Resurse și ghiduri pentru servere și clienți.
146,Scalabilitate,subcategory,136,scalabilitate,0,Resurse și ghiduri pentru scalabilitate.
147,Limbaje de programare,category,94,limbaje-programare,0,Resurse și ghiduri pentru limbaje de programare.
148,Node.js,subcategory,147,nodejs,0,Resurse și ghiduri pentru node.js.
149,PHP,subcategory,147,php,0,Resurse și ghiduri pentru php.
150,Python,subcategory,147,python,0,Resurse pentru învățarea limbajului C# și utilizarea ASP.NET în dezvoltarea aplicațiilor web și software.
151,Java,subcategory,147,java,0,"Ghiduri pentru învățarea și utilizarea limbajului Rust, renumit pentru siguranța și performanța sa."
152,C / C++,subcategory,147,c-c,0,Resurse pentru învățarea și utilizarea limbajului Go în dezvoltarea aplicațiilor back end performante.
153,C# / ASP.NET,subcategory,147,c-aspnet,0,"Ghiduri și resurse pentru învățarea limbajului Haskell, cunoscut pentru programarea funcțională."
154,Rust,subcategory,147,rust,0,Resurse pentru învățarea și utilizarea limbajului OCaml în dezvoltarea de aplicații robuste.
155,GoLang,subcategory,147,golang,0,Ghiduri pentru învățarea limbajului Prolog și aplicarea acestuia în programarea logică.
156,Haskell,subcategory,147,haskell,0,Resurse pentru învățarea limbajului Forth și aplicarea acestuia în dezvoltarea de software specializat.
157,OCaml,subcategory,147,ocaml,0,Ghiduri pentru învățarea și utilizarea limbajului Erlang în dezvoltarea aplicațiilor distribuite și scalabile.
158,Prolog,subcategory,147,prolog,0,Resurse pentru învățarea limbajului R și aplicarea acestuia în analiza și vizualizarea datelor.
159,Forth,subcategory,147,forth,0,Ghiduri pentru utilizarea framework-ului Rails în dezvoltarea aplicațiilor web eficiente și scalabile.
160,Erlang,subcategory,147,erlang,0,Resurse pentru învățarea și utilizarea limbajului Kotlin în dezvoltarea aplicațiilor mobile și server-side.
161,R,subcategory,147,r,0,Ghiduri pentru utilizarea Bash în scripturile de automatizare și administrarea sistemelor Linux.
162,Rails,subcategory,147,rails,0,Resurse pentru învățarea și utilizarea PowerShell în administrarea și automatizarea sistemelor Windows.
163,Kotlin,subcategory,147,kotlin,0,O colecție diversă de resurse pentru învățarea altor limbaje de programare relevante și utile.
164,Bash,subcategory,147,bash,0,Resurse pentru învățarea limbajului SQL și gestionarea bazelor de date relaționale precum MySQL și PostgreSQL.
165,PowerShell,subcategory,147,powershell,0,"Ghiduri pentru începători în SQL, acoperind limbajele DDL și DML pentru manipularea și definirea datelor."
166,Alte limbaje de programare,subcategory,147,alte-limbaje-programare,0,"Resurse pentru învățarea și utilizarea MySQL, un sistem de gestionare a bazelor de date relaționale popular."
167,SQL (Baze de date relaționale),category,94,sql-baze-date-relationale,0,"Ghiduri și tutoriale pentru utilizarea PostgreSQL, un sistem de baze de date open-source avansat."
168,"Introducere în SQL, DDL și DML",subcategory,167,introducere-sql-ddl-dml,0,"Resurse pentru învățarea și utilizarea SQLite, un sistem de baze de date relaționale ușor și compact."
169,MySQL,subcategory,167,mysql,0,Ghiduri pentru utilizarea Microsoft SQL Server în gestionarea și administrarea bazelor de date.
170,PostgreSQL,subcategory,167,postgresql,0,Resurse pentru învățarea și utilizarea sistemului de baze de date Oracle în aplicații enterprise.
171,SQLite,subcategory,167,sqlite,0,"Ghiduri pentru utilizarea IBM Db2, un sistem de gestionare a bazelor de date relaționale robust."
172,Microsoft SQL Server,subcategory,167,microsoft-sql-server,0,"Resurse pentru învățarea și utilizarea MariaDB, un fork de MySQL cu caracteristici avansate."
173,Oracle,subcategory,167,oracle,0,O colecție de resurse pentru alte sisteme de baze de date SQL relevante și utile.
174,IBM Db2,subcategory,167,ibm-db2,0,Ghiduri pentru optimizarea performanței SQL și utilizarea tehnicilor avansate de interogare.
175,MariaDB,subcategory,167,mariadb,0,"Resurse pentru învățarea și utilizarea bazelor de date NoSQL, incluzând MongoDB și Redis."
176,Alte baze de date SQL,subcategory,167,alte-baze-date-sql,0,"Ghiduri pentru începători în NoSQL, explicând conceptele și avantajele bazelor de date non-relaționale."
177,Optimizări și tehnici avansate de SQL,subcategory,167,optimizari-tehnici-avansate-sql,0,"Resurse pentru învățarea și utilizarea MongoDB și CouchDB, sisteme de baze de date orientate pe documente."
178,NoSQL (Baze de date non-relaționale),category,94,nosql-baze-date-nonrelationale,0,"Ghiduri pentru utilizarea Redis și DynamoDB, baze de date de tip key-value pentru performanță și scalabilitate."
179,Introducere în NoSQL,subcategory,178,introducere-nosql,0,"Resurse pentru utilizarea Firebase, Supabase și RethinkDB în dezvoltarea aplicațiilor cu actualizări în timp real."
180,MongoDB / CouchDB (Document DBs),subcategory,178,mongodb-couchdb-document-dbs,0,Ghiduri pentru utilizarea ElasticSearch și Splunk în indexarea și căutarea datelor.
181,Redis / DynamoDB (Key-Value),subcategory,178,redis-dynamodb-keyvalue,0,"Resurse pentru învățarea și utilizarea Apache Cassandra și HBase, sisteme de baze de date coloane."
182,Firebase / Supabase / RethinkDB (Realtime),subcategory,178,firebase-supabase-rethinkdb,0,"Ghiduri pentru utilizarea InfluxDB și TimeScale, baze de date optimizate pentru serii temporale."
183,ElasticSearch / Splunk (Search),subcategory,178,elasticsearch-splunk-search,0,O colecție de resurse pentru alte sisteme de baze de date NoSQL relevante și utile.
184,Apache Cassandra / HBase (Column DBs),subcategory,178,apache-cassandra-hbase-column,0,Ghiduri pentru optimizarea performanței NoSQL și utilizarea tehnicilor avansate de interogare.
185,InfluxDB / TimeScale (Time series),subcategory,178,influxdb-timescale-time-series,0,Resurse pentru învățarea și aplicarea conceptelor de programare orientată pe obiecte (OOP).
186,Alte baze de date NoSQL,subcategory,178,alte-baze-date-nosql,0,"Ghiduri pentru începători în programarea orientată pe obiecte, acoperind conceptele fundamentale."
187,Optimizări și tehnici avansate de NoSQL,subcategory,178,optimizari-tehnici-avansate,0,Resurse pentru învățarea și aplicarea principiilor SOLID în programarea orientată pe obiecte.
188,OOP (Programare orientată pe obiecte),category,94,oop-programare-orientata-obiecte,0,Ghiduri pentru utilizarea design patterns în programarea orientată pe obiecte pentru a crea software robust.
189,Principii de bază OOP,subcategory,188,principii-baza-oop,0,Resurse pentru implementarea conceptelor OOP în diverse limbaje de programare.
190,Design patterns în OOP,subcategory,188,design-patterns-oop,0,Ghiduri pentru crearea și utilizarea API-urilor în dezvoltarea aplicațiilor moderne.
191,Exemple de OOP,subcategory,188,exemple-oop,0,"Resurse pentru implementarea autentificării în API-uri, incluzând JWT, OAuth și alte metode."
192,Principii de bază OOP,subcategory,188,principii-baza-oop-1,0,"Ghiduri pentru dezvoltarea API-urilor RESTful, respectând standardele și bunele practici."
193,Design patterns în OOP,subcategory,188,design-patterns-oop-1,0,Resurse pentru manipularea și utilizarea formatului JSON în dezvoltarea API-urilor.
194,Exemple de OOP,subcategory,188,exemple-oop-1,0,Ghiduri pentru dezvoltarea și utilizarea API-urilor SOAP în aplicațiile enterprise.
195,API-uri,category,94,apiuri,0,Resurse pentru învățarea și utilizarea gRPC și tRPC în dezvoltarea API-urilor performante.
196,Autentificare,subcategory,195,autentificare,0,Ghiduri pentru utilizarea GraphQL în crearea de API-uri flexibile și eficiente.
197,REST,subcategory,195,rest,0,O colecție de API-uri publice gratuite pentru integrarea în diverse proiecte.
198,JSON,subcategory,195,json,0,Resurse pentru utilizarea celor mai populare framework-uri și sisteme în dezvoltarea aplicațiilor back end.
199,SOAP,subcategory,195,soap,0,Ghiduri pentru utilizarea WordPress în crearea și gestionarea site-urilor web.
200,gRPC / tRPC,subcategory,195,grpc-trpc,0,Resurse pentru învățarea și utilizarea framework-ului Laravel în dezvoltarea aplicațiilor PHP.
201,GraphQL,subcategory,195,graphql,0,Resurse pentru învățarea și utilizarea platformei .NET în dezvoltarea aplicațiilor robuste și scalabile.
202,API-uri publice gratuite,subcategory,195,apiuri-publice-gratuite-1,0,Ghiduri pentru utilizarea framework-ului Ruby on Rails în dezvoltarea rapidă a aplicațiilor web.
203,Framework-uri și sisteme de Back End,category,94,frameworkuri-sisteme-back-end,0,Resurse pentru învățarea și utilizarea framework-ului Express în dezvoltarea aplicațiilor backend cu Node.js.
204,Wordpress,subcategory,203,wordpress,0,O colecție de resurse pentru diverse alte framework-uri de back end relevante și utile.
205,Laravel,subcategory,203,laravel,0,Resurse pentru învățarea conceptelor și tehnicilor DevOps în dezvoltarea și administrarea aplicațiilor.
206,.NET,subcategory,203,net,0,Ghiduri pentru utilizarea eficientă a terminalului în administrarea sistemelor și dezvoltarea software.
207,Ruby on Rails,subcategory,203,ruby-on-rails,0,Resurse pentru gestionarea codului sursă și colaborarea în echipă folosind GIT și alte sisteme de versionare.
208,Express,subcategory,203,express-1,0,Ghiduri pentru integrarea și utilizarea sistemelor conexe în dezvoltarea și administrarea aplicațiilor.
209,Alte framework-uri de Back End,subcategory,203,alte-frameworkuri-back-end,0,"Resurse pentru utilizarea containerelor în dezvoltarea, testarea și implementarea aplicațiilor software."
210,DevOps (Development Operations),category,94,devops-development-operations,0,"Ghiduri pentru utilizarea serviciilor de cloud oferite de providerii majori precum AWS, Azure și Google Cloud."
211,Terminalul sistemului de operare,subcategory,210,terminalul-sistemului-operare,0,Resurse pentru învățarea și aplicarea protocoalelor de rețelistică și securitate în dezvoltarea aplicațiilor.
212,Version control și GIT,subcategory,210,version-control-git-2,0,"Ghiduri pentru dezvoltarea și implementarea aplicațiilor serverless, folosind platforme moderne de cloud."
213,Sisteme conexe,subcategory,210,sisteme-conexe,0,Resurse pentru automatizarea provizionării infrastructurii utilizând instrumente și practici DevOps.
214,Containere,subcategory,210,containere,0,Ghiduri pentru gestionarea și automatizarea configurărilor în proiectele software.
215,Provideri de Cloud,subcategory,210,provideri-cloud,0,Resurse pentru implementarea continuării integrării și livrării (CI/CD) în dezvoltarea software-ului.
216,Protocoale de rețelistică și securitate,subcategory,210,protocoale-retelistica,0,Ghiduri pentru gestionarea și protejarea secretelor și a datelor sensibile în dezvoltarea aplicațiilor.
217,Serverless,subcategory,210,serverless,0,Resurse pentru gestionarea eficientă a infrastructurii IT utilizând practici și instrumente DevOps.
218,Provizionare infrastructurală,subcategory,210,provizionare-infrastructurala,0,Ghiduri pentru monitorizarea performanței și sănătății aplicațiilor software.
219,Management-ul configurărilor,subcategory,210,managementul-configurarilor,0,Resurse pentru gestionarea și analiza log-urilor generate de aplicații și infrastructură.
220,CI/CD,subcategory,210,cicd,0,Ghiduri pentru orchestrarea containerelor folosind instrumente precum Kubernetes.
221,Management-ul secretelor,subcategory,210,managementul-secretelor,0,Resurse pentru gestionarea artefactelor software în cadrul procesului de dezvoltare și livrare.
222,Management-ul infrastructurii,subcategory,210,managementul-infrastructurii,0,Ghiduri pentru implementarea GitOps în gestionarea infrastructurii și a livrării continue.
223,Monitorizare software,subcategory,210,monitorizare-software,0,O colecție de resurse pentru diverse concepte și soluții DevOps relevante și utile.
224,Management-ul log-urilor,subcategory,210,managementul-logurilor,0,"Resurse pentru dezvoltarea jocurilor video, incluzând tutoriale și unelte esențiale."
225,Orchestrarea containerelor,subcategory,210,orchestrarea-containerelor,0,Ghiduri pentru crearea și utilizarea asset-urilor grafice și audio în dezvoltarea jocurilor.
226,Management-ul artefactelor,subcategory,210,managementul-artefactelor,0,Resurse pentru învățarea matematicii aplicate în dezvoltarea jocurilor video.
227,GitOps,subcategory,210,gitops,0,Ghiduri pentru implementarea sistemelor de fizică realistă în jocurile video.
228,Alte concepte și soluții DevOps,subcategory,210,alte-concepte-solutii-devops,0,Resurse pentru învățarea și utilizarea Unity în dezvoltarea jocurilor video.
229,Game Development (Dezvoltarea de jocuri),category,94,game-development-dezvoltarea,0,Ghiduri pentru utilizarea Unreal Engine în crearea de jocuri video de înaltă calitate.
230,Asset-uri pentru jocuri,subcategory,229,asseturi-pentru-jocuri,0,Resurse pentru învățarea și utilizarea Godot în dezvoltarea jocurilor video.
231,Matematica necesară jocurilor,subcategory,229,matematica-necesara-jocurilor,0,Ghiduri pentru dezvoltarea jocurilor video native pe diverse platforme.
232,Sisteme de fizică folosite în jocuri,subcategory,229,sisteme-fizica-folosite-jocuri,0,O colecție de resurse pentru alte engine-uri de dezvoltare a jocurilor video.
233,Dezvoltare de jocuri în Unity,subcategory,229,dezvoltare-jocuri-unity,0,Resurse pentru învățarea și aplicarea tehnicilor de modelare 3D în dezvoltarea jocurilor.
234,Dezvoltare de jocuri în Unreal Engine,subcategory,229,dezvoltare-jocuri-unreal-engine,0,Ghiduri pentru crearea și optimizarea graficii digitale și a randării în jocurile video.
235,Dezvoltare de jocuri în Godot,subcategory,229,dezvoltare-jocuri-godot,0,Resurse pentru implementarea inteligenței artificiale în dezvoltarea jocurilor video.
236,Dezvoltare de jocuri native,subcategory,229,dezvoltare-jocuri-native,0,Ghiduri pentru dezvoltarea și optimizarea jocurilor multiplayer din punct de vedere al rețelisticii și scalabilității.
237,Alte engine-uri de game development,subcategory,229,alte-engineuri-game-development,0,Resurse pentru gestionarea și stocarea datelor în dezvoltarea jocurilor video.
238,Modelare 3D,subcategory,229,modelare-3d,0,Ghiduri pentru utilizarea multithreading-ului în dezvoltarea jocurilor video.
239,Grafică digitală și randare pentru jocuri,subcategory,229,grafica-digitala-randare-pentru,0,O colecție diversă de resurse suplimentare pentru dezvoltarea jocurilor video.
240,Inteligență Artificială în jocuri,subcategory,229,inteligenta-artificiala-jocuri,0,Resurse pentru dezvoltarea aplicațiilor mobile native pe diverse platforme.
241,Rețelistică și scalabilitate în jocuri multiplayer,subcategory,229,retelistica-scalabilitate,0,Ghiduri pentru înțelegerea și utilizarea componentelor esențiale în dezvoltarea aplicațiilor mobile native.
242,Stocare de date pentru jocuri,subcategory,229,stocare-date-pentru-jocuri,0,Resurse pentru proiectarea interfeței și navigării intuitive în aplicațiile mobile native.
243,Multithreading pentru jocuri,subcategory,229,multithreading-pentru-jocuri,0,Ghiduri pentru aplicarea design patterns și arhitecturii eficiente în dezvoltarea aplicațiilor mobile.
244,Alte resurse pentru Game Development,subcategory,229,alte-resurse-pentru-game,0,Resurse pentru gestionarea și stocarea eficientă a datelor în aplicațiile mobile native.
245,Native Mobile Development,category,94,native-mobile-development,0,Ghiduri pentru implementarea comunicării și sincronicității în aplicațiile mobile.
246,Componentele aplicațiilor mobile,subcategory,245,componentele-aplicatiilor-mobile,0,Resurse pentru integrarea serviciilor esențiale în dezvoltarea aplicațiilor mobile native.
247,Interfața și navigarea în aplicații mobile,subcategory,245,interfata-navigarea-aplicatii,0,O colecție diversă de resurse suplimentare pentru dezvoltarea aplicațiilor mobile native.
248,Arhitectură și design patterns pentru aplicații mobile,subcategory,245,arhitectura-design-patterns,0,Resurse pentru învățarea graficii digitale și utilizarea engine-urilor de randare în aplicații și jocuri.
249,Stocarea datelor în aplicații mobile,subcategory,245,stocarea-datelor-aplicatii,0,Ghiduri pentru utilizarea tehnicilor de randare avansate în dezvoltarea aplicațiilor grafice.
250,Comunicare și sincronicitate mobilă,subcategory,245,comunicare-sincronicitate-mobila,0,Resurse pentru optimizarea performanței grafice în aplicații și jocuri.
251,Servicii pentru aplicații native,subcategory,245,servicii-pentru-aplicatii-native,0,Ghiduri pentru implementarea și optimizarea algoritmilor de randare grafică.
252,Alte resurse pentru dezvoltare nativă,subcategory,245,alte-resurse-pentru-dezvoltare,0,Resurse pentru dezvoltarea aplicațiilor bazate pe blockchain și tehnologii crypto.
253,Grafică și engine-uri de randare,category,94,grafica-engineuri-randare,0,Ghiduri pentru înțelegerea conceptelor fundamentale ale tehnologiei blockchain.
254,OpenGL,subcategory,253,opengl,0,Resurse pentru dezvoltarea pe blockchain-uri compatibile cu Ethereum Virtual Machine (EVM).
255,Vulkan,subcategory,253,vulkan,0,Ghiduri pentru utilizarea și dezvoltarea pe blockchain-uri de layer 2.
256,DirectX,subcategory,253,directx,0,O colecție de resurse pentru alte tipuri de blockchain-uri și tehnologii distribuite.
257,Metal,subcategory,253,metal,0,Resurse pentru înțelegerea și utilizarea oracolelor în aplicațiile blockchain.
258,OpenGL,subcategory,253,opengl-1,0,Ghiduri pentru dezvoltarea și implementarea contractelor inteligente pe blockchain.
259,Vulkan,subcategory,253,vulkan-1,0,Resurse pentru asigurarea securității în aplicațiile și contractele blockchain.
260,DirectX,subcategory,253,directx-1,0,Ghiduri pentru dezvoltarea aplicațiilor descentralizate (dApps) pe diverse platforme blockchain.
261,Metal,subcategory,253,metal-1,0,Resurse pentru abordarea și îmbunătățirea scalabilității în tehnologia blockchain.
262,Blockchain & Crypto Development,category,94,blockchain-crypto-development,0,Ghiduri pentru utilizarea și administrarea diverselor sisteme de operare.
263,Concepte de Blockchain,subcategory,262,concepte-blockchain,0,Resurse pentru învățarea și utilizarea sistemelor de operare Linux și Unix.
264,Blockchain-uri EVM,subcategory,262,blockchainuri-evm,0,Ghiduri pentru administrarea și utilizarea sistemului de operare Windows.
265,Blockchain-uri L2,subcategory,262,blockchainuri-l2,0,Resurse pentru utilizarea și administrarea sistemelor de operare MacOS și iOS.
266,Alte blockchain-uri,subcategory,262,alte-blockchainuri,0,Ghiduri pentru dezvoltarea și administrarea aplicațiilor pe platforma Android.
267,Oracles,subcategory,262,oracles,0,Resurse pentru învățarea programării la nivel de hardware și a conceptelor de low level.
268,Smart Contracts,subcategory,262,smart-contracts,0,Ghiduri pentru dezvoltarea aplicațiilor embedded și programarea dispozitivelor integrate.
269,Securitate Blockchain,subcategory,262,securitate-blockchain,0,Resurse pentru învățarea tehnicilor de interfațare directă cu hardware-ul.
270,Aplicații descentralizate,subcategory,262,aplicatii-descentralizate,0,Ghiduri pentru optimizarea performanței aplicațiilor prin programarea la nivel de hardware.
271,Scalabilitate Blockchain,subcategory,262,scalabilitate-blockchain,0,Resurse pentru debugging-ul eficient la nivel de hardware și software.
272,Sisteme de operare,category,94,sisteme-operare,0,Resurse pentru învățarea conceptelor de data science și tehnicilor de data mining.
273,Linux / Unix,subcategory,272,linux-unix,0,"Ghiduri pentru colectarea, prelucrarea și analizarea datelor pentru a obține informații valoroase."
274,Windows,subcategory,272,windows,0,Resurse pentru învățarea tehnicilor de data mining și aplicarea acestora în diverse domenii.
275,MacOS / iOS,subcategory,272,macos-ios,0,Ghiduri pentru utilizarea instrumentelor de data science în analiza și interpretarea datelor.
276,Android,subcategory,272,android,0,Resurse pentru învățarea prin exemple și proiecte practice de data science.
277,Hardware și programare low level,category,94,hardware-programare-low-level,0,Resurse pentru învățarea și aplicarea conceptelor de inteligență artificială și machine learning.
278,Asamblare,subcategory,277,asamblare,0,Ghiduri pentru învățarea matematicii necesare în dezvoltarea algoritmilor de inteligență artificială și machine learning.
279,Microcontrolere,subcategory,277,microcontrolere,0,Resurse pentru învățarea și implementarea algoritmilor de machine learning.
280,Sisteme încorporate,subcategory,277,sisteme-incorporate,0,Ghiduri pentru utilizarea platformelor și a uneltelor specifice în dezvoltarea aplicațiilor de IA și ML.
281,Asamblare,subcategory,277,asamblare-1,0,"Resurse pentru implementarea MLOps, combinând machine learning și DevOps pentru a îmbunătăți procesul de dezvoltare."
282,Microcontrolere,subcategory,277,microcontrolere-1,0,Sugestii și exemple de proiecte pentru a practica și îmbunătăți abilitățile de dezvoltare back end.
283,Sisteme încorporate,subcategory,277,sisteme-incorporate-1,0,Surse de informare despre cele mai recente știri și tendințe din lumea programării.
284,Data Science & Data Mining,category,94,data-science-data-mining,0,Liste de site-uri care oferă articole și tutoriale despre programare și tehnologii.
285,Python pentru Data Science,subcategory,284,python-pentru-data-science,0,Recomandări de newslettere pentru a rămâne la curent cu noutățile din programare.
286,R pentru Data Science,subcategory,284,r-pentru-data-science,0,Ghiduri pentru implicarea în comunitățile de programare și colaborarea cu alți dezvoltatori.
287,Analiza datelor,subcategory,284,analiza-datelor,0,"Resurse pentru dezvoltarea abilităților de design, grafică și videografie, incluzând unelte și tutoriale."
288,Python pentru Data Science,subcategory,284,python-pentru-data-science-1,0,Ghiduri pentru învățarea principiilor fundamentale de design și estetică vizuală.
289,R pentru Data Science,subcategory,284,r-pentru-data-science-1,0,Importanța spațiului alb în design și cum să îl utilizezi pentru a crea compoziții echilibrate.
290,Analiza datelor,subcategory,284,analiza-datelor-1,0,Resurse pentru utilizarea contrastului în design pentru a atrage atenția și a îmbunătăți lizibilitatea.
291,Inteligență Artificială și Machine Learning,category,94,inteligenta-artificiala-machine,0,Ghiduri pentru utilizarea corectă a dimensiunilor și proporțiilor în designul vizual.
292,Matematică,subcategory,291,matematica,0,Resurse pentru alinierea elementelor în design pentru a crea o compoziție ordonată și coerentă.
293,Statistică,subcategory,291,statistica,0,Ghiduri pentru crearea unei ierarhii vizuale eficiente pentru a ghida ochiul utilizatorului.
294,Econometrică,subcategory,291,econometrica,0,Resurse pentru utilizarea unităților de măsură în design pentru a asigura coerența și proporționalitatea.
295,Limbaje de programare,subcategory,291,limbaje-programare-1,0,Ghiduri pentru utilizarea tipografiei și a fonturilor pentru a crea designuri vizual atrăgătoare.
296,Analiză de date exploratorie (EDA),subcategory,291,analiza-date-exploratorie-eda,0,Resurse pentru învățarea principiilor fundamentale ale designului tipografic.
297,Machine Learning,subcategory,291,machine-learning,0,Ghiduri pentru aranjarea textului în pagini și compoziții pentru a asigura lizibilitatea și atractivitatea vizuală.
298,Deep Learning,subcategory,291,deep-learning,0,Resurse pentru alegerea fonturilor potrivite pentru diverse proiecte de design.
299,MLOps,subcategory,291,mlops,0,Ghiduri pentru utilizarea layouturilor și a sistemelor de griduri în designul vizual.
300,Idei de proiecte de Back End,category,94,idei-proiecte-back-end,0,Resurse pentru învățarea principiilor fundamentale ale layoutului în design.
301,Știri și noutăți din Programare,category,94,știri-noutati-din-programare-1,0,Ghiduri pentru crearea și utilizarea gridurilor personalizate în proiectele de design.
302,Site-uri cu articole,subcategory,301,siteuri-articole-1,0,Resurse pentru învățarea teoriei culorilor și utilizarea acesteia în designul vizual.
303,Newslettere,subcategory,301,newslettere-1,0,Ghiduri pentru crearea și utilizarea paletelor de culori eficiente în proiectele de design.
304,Comunități,subcategory,301,comunitati-1,0,Resurse pentru înțelegerea impactului psihologic al culorilor în design.
305,"Resurse de Design, Grafică, Videografie și creativitate",section,,resurse-design-grafica,0,Ghiduri pentru crearea identității vizuale și a elementelor de branding pentru companii și produse.
306,Principii de design și estetică,category,305,principii-design-estetica,0,"Resurse pentru crearea și utilizarea elementelor de branding, cum ar fi logo-uri și palete de culori."
307,White space,subcategory,306,white-space,0,Ghiduri pentru dezvoltarea unei identități vizuale coerente și atractive.
308,Contrast,subcategory,306,contrast,0,"Resurse pentru crearea componentelor de UI, cum ar fi butoane, formulare și navigație."
309,Mărimi,subcategory,306,marimi,0,Ghiduri pentru designul și utilizarea butoanelor și a elementelor de navigare în interfețele utilizator.
310,Aliniament,subcategory,306,aliniament,0,Resurse pentru designul articolelor și al conținutului textual în interfețele utilizator.
311,Ierarhie vizuală,subcategory,306,ierarhie-vizuala,0,Ghiduri pentru crearea formularelor și a elementelor interactive în interfețele utilizator.
312,Unități de măsură,subcategory,306,unitati-masura,0,Resurse pentru utilizarea artefactelor vizuale în designul interfețelor utilizator.
313,Tipografie și typeface-uri,category,305,tipografie-typefaceuri,0,Ghiduri pentru îmbunătățirea experienței utilizatorului prin design eficient și intuitiv.
314,Principii esențiale de design tipografic,subcategory,313,principii-esentiale-design,0,Resurse pentru organizarea și structura informației în interfețele utilizator.
315,Aranjarea textului,subcategory,313,aranjarea-textului,0,Ghiduri pentru crearea de wireframe-uri și prototipuri pentru testarea și dezvoltarea interfețelor utilizator.
316,Alegerea font-urilor,subcategory,313,alegerea-fonturilor,0,Resurse pentru înțelegerea comportamentului utilizatorilor și aplicarea principiilor HCI în design.
317,Layout și sisteme de grid-uri,category,305,layout-sisteme-griduri,0,Ghiduri pentru dezvoltarea produselor și a modelelor de business prin design centrat pe utilizator.
318,Grid-uri de bază,subcategory,317,griduri-baza,0,Resurse pentru aplicarea celor mai bune practici în designul experienței utilizatorului.
319,Layout flexibil,subcategory,317,layout-flexibil,0,Ghiduri pentru măsurarea impactului designului și testarea cu utilizatorii pentru îmbunătățirea interfețelor.
320,Sisteme de grid responsive,subcategory,317,sisteme-grid-responsive,0,"Resurse pentru crearea de interfețe accesibile pentru toți utilizatorii, incluzând persoanele cu dizabilități."
321,Teoria culorilor,category,305,teoria-culorilor,0,Ghiduri pentru utilizarea contrastului în designul accesibil pentru a îmbunătăți lizibilitatea și navigarea.
322,Roata culorilor,subcategory,321,roata-culorilor,0,Resurse pentru utilizarea corectă a dimensiunilor și proporțiilor în designul accesibil.
323,Combinații de culori,subcategory,321,combinatii-culori,0,"Ghiduri pentru crearea designului interactiv, incluzând animații și efecte speciale."
324,Psihologia culorilor,subcategory,321,psihologia-culorilor,0,Resurse pentru utilizarea animațiilor în designul interactiv pentru a îmbunătăți experiența utilizatorului.
325,Branding și design de identitate,category,305,branding-design-identitate,0,Ghiduri pentru implementarea efectelor speciale în designul interactiv.
326,Crearea unui logo,subcategory,325,crearea-unui-logo,0,"Resurse pentru crearea ilustrațiilor, infograficelor și a designului grafic atractiv."
327,Identitate vizuală,subcategory,325,identitate-vizuala,0,Ghiduri pentru utilizarea tehnicilor de ilustrație în designul grafic.
328,Ghiduri de brand,subcategory,325,ghiduri-brand,0,Resurse pentru dezvoltarea infograficelor informative și vizual atrăgătoare.
329,Design de componente de UI (User Interface),category,305,design-componente-ui-user,0,Ghiduri pentru aplicarea principiilor de design grafic în proiectele de print și digitale.
330,Butoane și navigare,subcategory,329,butoane-navigare,0,Resurse pentru învățarea graficii 3D și a tehnicilor de modelare pentru diverse aplicații.
331,Articole și conținut,subcategory,329,articole-continut,0,Ghiduri pentru crearea modelelor 3D pentru utilizarea în dezvoltarea jocurilor video.
332,Formulare și interactivitate,subcategory,329,formulare-interactivitate,0,Resurse pentru animarea modelelor 3D în proiectele de design și jocuri.
333,Artefacte vizuale,subcategory,329,artefacte-vizuale,0,Ghiduri pentru utilizarea tehnicilor de renderizare 3D pentru a crea imagini și animații realiste.
334,Design de UX (User Experience),category,305,design-ux-user-experience,0,Resurse pentru învățarea graficii computerizate și utilizarea engine-urilor de randare.
335,Arhitectură informațională,subcategory,334,arhitectura-informationala,0,Ghiduri pentru utilizarea tehnicilor avansate de randare în grafica computerizată.
336,Wireframing și Prototyping,subcategory,334,wireframing-prototyping,0,Resurse pentru învățarea și utilizarea celor mai populare engine-uri grafice.
337,Comportament și HCI (Human Computer Interaction),subcategory,334,comportament-hci-human-computer,0,Ghiduri pentru crearea și dezvoltarea designului jocurilor și nivelurilor acestora.
338,Product & Business Model,subcategory,334,product-business-model,0,Resurse pentru învățarea principiilor fundamentale ale game design-ului.
339,Bune practici în UX,subcategory,334,bune-practici-ux,0,Ghiduri pentru crearea nivelurilor captivante și bine structurate în jocurile video.
340,Măsurarea impactului și user testing,subcategory,334,masurarea-impactului-user,0,Resurse pentru învățarea tehnicilor de fotografie și editare foto.
341,Design accesibil,category,305,design-accesibil,0,Ghiduri pentru îmbunătățirea abilităților de fotografiere pentru diverse proiecte.
342,Contrast,subcategory,341,contrast-1,0,Resurse pentru utilizarea uneltelor de editare foto pentru a crea imagini atrăgătoare.
343,Mărimi,subcategory,341,marimi-1,0,Ghiduri pentru dezvoltarea abilităților de videografie și editare video.
344,"Interaction Design, animații și efecte speciale",category,305,interaction-design-animatii,0,Resurse pentru îmbunătățirea abilităților de filmare și capturare video.
345,Animații,subcategory,344,animatii,0,Ghiduri pentru utilizarea uneltelor de editare video pentru a crea conținut video de calitate.
346,Efecte speciale,subcategory,344,efecte-speciale,0,Resurse pentru implementarea sistemelor de design și aplicarea metodologiei de design thinking.
347,"Ilustrație, infografice și design grafic",category,305,ilustratie-infografice-design,0,Ghiduri pentru dezvoltarea și utilizarea sistemelor de design pentru consistență vizuală.
348,Tehnici de ilustrație,subcategory,347,tehnici-ilustratie,0,Resurse pentru aplicarea metodologiei de design thinking în dezvoltarea produselor și serviciilor.
349,Crearea de infografice,subcategory,347,crearea-infografice,0,"O colecție de resurse esențiale pentru designeri, incluzând imagini, fonturi și unelte creative."
350,Design grafic digital,subcategory,347,design-grafic-digital,0,Ghiduri pentru utilizarea și selectarea imaginilor și videoclipurilor stock în proiectele de design.
351,Grafică și Modelare 3D,category,305,grafica-modelare-3d,0,Resurse pentru găsirea și utilizarea fonturilor în proiectele de design.
352,Modelare 3D,subcategory,351,modelare-3d-1,0,Ghiduri pentru utilizarea iconițelor în designul interfețelor utilizator.
353,Texturare și iluminare,subcategory,351,texturare-iluminare,0,Resurse pentru crearea și utilizarea graficii vectoriale în proiectele de design.
354,Randare 3D,subcategory,351,randare-3d,0,Ghiduri pentru utilizarea uneltelor creative bazate pe inteligență artificială în design.
355,"Computer graphics, randare și engine-uri grafice",category,305,computer-graphics-randare,0,Resurse pentru dezvoltarea și implementarea strategiilor de marketing online eficiente.
356,Algoritmi de randare,subcategory,355,algoritmi-randare,0,Ghiduri pentru învățarea conceptelor fundamentale ale marketingului online.
357,Engine-uri grafice populare,subcategory,355,engineuri-grafice-populare,0,Resurse și ghiduri pentru engine-uri grafice populare.
358,Grafica pe calculator,subcategory,355,grafica-calculator,0,Resurse și ghiduri pentru grafica pe calculator.
359,Game Design & Level Design,category,305,game-design-level-design,0,Resurse și ghiduri pentru game design & level design.
360,Principii de Game Design,subcategory,359,principii-game-design,0,Resurse pentru optimizarea conversiei și înțelegerea călătoriei cumpărătorului.
361,Crearea nivelelor de joc,subcategory,359,crearea-nivelelor-joc,0,Ghiduri pentru înțelegerea diferențelor dintre funnel și flywheel în strategia de marketing.
362,Testarea jocurilor,subcategory,359,testarea-jocurilor,0,Resurse pentru dezvoltarea și comunicarea unei propoziții unice de valoare pentru produsele și serviciile tale.
363,Fotografie și editare foto,category,305,fotografie-editare-foto,0,Ghiduri pentru calcularea și optimizarea ROI în campaniile de marketing online.
364,Tehnici de fotografie,subcategory,363,tehnici-fotografie,0,Resurse pentru efectuarea studiilor de piață și analiza concurenței în marketingul digital.
365,Editare foto avansată,subcategory,363,editare-foto-avansata,0,Ghiduri pentru evaluarea și analiza business-ului pentru a identifica oportunități de creștere.
366,Manipulare foto digitală,subcategory,363,manipulare-foto-digitala,0,Resurse pentru înțelegerea comportamentului consumatorilor și crearea personas pentru target market.
367,Videografie și editare video,category,305,videografie-editare-video,0,Ghiduri pentru utilizarea uneltelor de analiză a competiției în marketingul online.
368,Filmare video,subcategory,367,filmare-video,0,Resurse pentru stabilirea KPI-urilor și utilizarea soluțiilor de analytics în campaniile de marketing.
369,Editare video,subcategory,367,editare-video,0,"Ghiduri pentru crearea, auditarea și optimizarea site-ului pentru a îmbunătăți performanța."
370,Efecte speciale în video,subcategory,367,efecte-speciale-video,0,Resurse pentru optimizarea performanței site-ului tău pentru o experiență de utilizator mai bună.
371,Design Systems și Design Thinking,category,305,design-systems-design-thinking,0,Ghiduri pentru auditarea SEO a site-ului tău pentru a îmbunătăți clasamentul în motoarele de căutare.
372,Crearea de Design Systems,subcategory,371,crearea-design-systems,0,Resurse pentru testarea experienței utilizatorului (UX) pe site-ul tău.
373,Principii de Design Thinking,subcategory,371,principii-design-thinking,0,Ghiduri pentru crearea conținutului de calitate și utilizarea acestuia în strategiile de marketing.
374,Implementarea Design Systems,subcategory,371,implementarea-design-systems,0,Resurse pentru dezvoltarea și implementarea strategiilor eficiente de content marketing.
375,Resurse de design,category,305,resurse-design,0,Ghiduri pentru utilizarea tehnicilor de copywriting persuasiv în campaniile de marketing.
376,Imagini și video-uri stock,subcategory,375,imagini-videouri-stock,0,Resurse pentru crearea conținutului optimizat SEO pentru a atrage trafic organic.
377,Repository-uri de font-uri,subcategory,375,repositoryuri-fonturi,0,Ghiduri pentru învățarea și aplicarea tehnicilor de optimizare pentru motoarele de căutare.
378,Iconițe,subcategory,375,iconite,0,"Resurse pentru începători în SEO, acoperind conceptele fundamentale și tehnicile de bază."
379,Grafică vectorială,subcategory,375,grafica-vectoriala,0,Ghiduri pentru înțelegerea modului în care funcționează motoarele de căutare.
380,Unelte creative bazate pe AI,subcategory,375,unelte-creative-bazate-ai,0,Resurse pentru efectuarea cercetării de cuvinte cheie și utilizarea acestora în strategia SEO.
381,Resurse de Marketing Online,section,,resurse-marketing-online,0,Ghiduri pentru optimizarea elementelor on-page ale site-ului pentru a îmbunătăți clasamentul SEO.
382,Introducere în marketing online,category,381,introducere-marketing-online,0,Resurse pentru dezvoltarea unei strategii de link building eficiente pentru a crește autoritatea site-ului.
383,Conversie și călătoria cumpărătorului,subcategory,382,conversie-calatoria,0,Ghiduri pentru implementarea tehnicilor de SEO tehnic pentru a îmbunătăți performanța site-ului.
384,Funnel vs flywheel,subcategory,382,funnel-vs-flywheel,0,Resurse pentru integrarea content marketingului în strategia SEO.
385,UVP (Unique Value Proposition),subcategory,382,uvp-unique-value-proposition,0,Ghiduri pentru utilizarea uneltelor de SEO pentru a analiza și îmbunătăți performanța site-ului.
386,ROI (Return on Investment),subcategory,382,roi-return-on-investment,0,Resurse pentru învățarea și aplicarea strategiilor de publicitate PPC în campaniile de marketing.
387,Studii de piață și analiza concurenței,category,381,studii-piata-analiza-concurentei,0,"Ghiduri pentru începători în publicitatea PPC, acoperind conceptele fundamentale și tehnicile de bază."
388,Analiza business-ului,subcategory,387,analiza-businessului,0,Resurse pentru utilizarea Google Ads în campaniile de publicitate PPC.
389,"Comportamente, personas și target market",subcategory,387,comportamente-personas-target,0,Ghiduri pentru utilizarea Bing Ads în campaniile de publicitate PPC.
390,Competiție și unelte de analiză,subcategory,387,competitie-unelte-analiza,0,Resurse pentru utilizarea Yandex Ads în campaniile de publicitate PPC.
391,KPI-uri și soluții de analytics,subcategory,387,kpiuri-solutii-analytics,0,Ghiduri pentru utilizarea Facebook și Instagram Ads în campaniile de publicitate PPC.
392,"Crearea, auditarea și optimizarea site-ului tău",category,381,crearea-auditarea-optimizarea,0,Resurse pentru utilizarea TikTok Ads în campaniile de publicitate PPC.
393,Crearea site-ului,subcategory,392,crearea-siteului,0,Ghiduri pentru utilizarea LinkedIn Ads în campaniile de publicitate PPC.
394,Auditarea site-ului,subcategory,392,auditarea-siteului,0,Resurse pentru utilizarea X (Twitter) Ads în campaniile de publicitate PPC.
395,Optimizarea performanței,subcategory,392,optimizarea-performantei,0,Ghiduri pentru utilizarea Pinterest Ads în campaniile de publicitate PPC.
396,Optimizarea UX/UI,subcategory,392,optimizarea-uxui,0,Resurse pentru utilizarea Reddit Ads în campaniile de publicitate PPC.
397,"Copywriting, Content Writing & Content Marketing",category,381,copywriting-content-writing-,0,Ghiduri pentru implementarea strategiilor de retargeting în campaniile de publicitate PPC.
398,Principii de copywriting,subcategory,397,principii-copywriting,0,Resurse pentru dezvoltarea campaniilor de display advertising și optimizarea campaniilor de imagine.
399,Tehnici de content writing,subcategory,397,tehnici-content-writing,0,Ghiduri pentru dezvoltarea și implementarea strategiilor eficiente de display advertising.
400,Strategii de content marketing,subcategory,397,strategii-content-marketing,0,Resurse pentru optimizarea campaniilor de imagine pentru a crește impactul vizual și conversiile.
401,Distribuția și promovarea conținutului,subcategory,397,distributia-promovarea,0,Resurse pentru dezvoltarea și implementarea strategiilor eficiente de social media marketing.
402,SEO (Search Engine Optimization),category,381,seo-search-engine-optimization,0,"Ghiduri pentru începători în social media marketing, acoperind conceptele fundamentale."
403,Introducere în SEO,subcategory,402,introducere-seo,0,Resurse pentru utilizarea YouTube în campaniile de social media marketing.
404,Motoare de căutare și cum funcționează,subcategory,402,motoare-cautare-cum-functioneaza,0,Ghiduri pentru utilizarea TikTok în strategia de marketing pe rețelele sociale.
405,Keyword research,subcategory,402,keyword-research,0,Resurse pentru utilizarea Facebook în dezvoltarea și implementarea campaniilor de marketing.
406,On-page SEO,subcategory,402,onpage-seo,0,Ghiduri pentru utilizarea Instagram în campaniile de social media marketing.
407,Link building,subcategory,402,link-building,0,Resurse pentru utilizarea X (Twitter) în campaniile de marketing pe rețelele sociale.
408,SEO Tehnic,subcategory,402,seo-tehnic-1,0,Ghiduri pentru utilizarea LinkedIn în strategia de marketing pe rețelele sociale.
409,Content marketing,subcategory,402,content-marketing,0,Resurse pentru utilizarea Reddit în campaniile de social media marketing.
410,Unelte de SEO,subcategory,402,unelte-seo,0,Ghiduri pentru utilizarea Pinterest în strategiile de marketing pe rețelele sociale.
411,PPC (Pay Per Click Advertising),category,381,ppc-pay-per-click-advertising,0,Resurse pentru utilizarea Quora în campaniile de social media marketing.
412,Introducere în PPC,subcategory,411,introducere-ppc,0,Ghiduri pentru utilizarea Mastodon în strategia de marketing pe rețelele sociale.
413,Google Ads,subcategory,411,google-ads,0,Resurse pentru dezvoltarea și implementarea campaniilor de influencer marketing.
414,Bing Ads,subcategory,411,bing-ads,0,Ghiduri pentru identificarea și colaborarea cu influencerii relevanți pentru brandul tău.
415,Yandex Ads,subcategory,411,yandex-ads,0,Resurse pentru dezvoltarea și aplicarea strategiilor eficiente de influencer marketing.
416,Facebook / Instagram Ads,subcategory,411,facebook-instagram-ads,0,Ghiduri pentru măsurarea impactului și succesului campaniilor de influencer marketing.
417,TikTok Ads,subcategory,411,tiktok-ads,0,Resurse pentru dezvoltarea și implementarea campaniilor de referral și affiliate marketing.
418,LinkedIn Ads,subcategory,411,linkedin-ads,0,"Ghiduri pentru începători în affiliate marketing, acoperind conceptele fundamentale."
419,X / Twitter Ads,subcategory,411,x-twitter-ads,0,Resurse pentru dezvoltarea și aplicarea strategiilor de referral marketing.
420,Pinterest Ads,subcategory,411,pinterest-ads,0,Ghiduri pentru utilizarea uneltelor specifice în campaniile de affiliate marketing.
421,Reddit Ads,subcategory,411,reddit-ads,0,Resurse pentru dezvoltarea și implementarea campaniilor de email și permission marketing.
422,Retargeting,subcategory,411,retargeting,0,"Ghiduri pentru începători în email marketing, acoperind conceptele fundamentale."
423,Display Advertising și campanii de imagine,category,381,display-advertising-campanii,0,Resurse pentru construirea și gestionarea eficientă a listelor de email.
424,Principii de display advertising,subcategory,423,principii-display-advertising,0,Ghiduri pentru dezvoltarea și aplicarea strategiilor de email marketing.
425,Tehnici de creare a bannerelor,subcategory,423,tehnici-creare-bannerelor,0,Resurse pentru optimizarea performanței campaniilor de email marketing.
426,Strategii de campanii de imagine,subcategory,423,strategii-campanii-imagine,0,Ghiduri pentru dezvoltarea strategiilor de marketing pentru marketplace-uri și aplicații mobile.
427,Social Media Marketing,category,381,social-media-marketing,0,Resurse pentru implementarea strategiilor de marketing pentru platformele de marketplace.
428,Introducere în SMM,subcategory,427,introducere-smm,0,Ghiduri pentru dezvoltarea și aplicarea strategiilor de marketing pentru aplicațiile mobile.
429,YouTube,subcategory,427,youtube,0,Resurse pentru optimizarea performanței și atragerea utilizatorilor pentru aplicațiile mobile.
430,TikTok,subcategory,427,tiktok,0,Resurse pentru dezvoltarea și implementarea strategiilor de marketing B2B.
431,Facebook,subcategory,427,facebook,0,Ghiduri pentru dezvoltarea și aplicarea strategiilor eficiente de marketing B2B.
432,Instagram,subcategory,427,instagram,0,Resurse pentru generarea de lead-uri și oportunități de business în marketingul B2B.
433,X / Twitter,subcategory,427,x-twitter,0,Ghiduri pentru nurturing-ul lead-urilor și transformarea acestora în clienți.
434,LinkedIn,subcategory,427,linkedin,0,Resurse pentru utilizarea inteligenței artificiale și a automatizării în campaniile de marketing.
435,Reddit,subcategory,427,reddit,0,Ghiduri pentru învățarea și aplicarea tehnologiilor emergente în marketing.
436,Pinterest,subcategory,427,pinterest,0,Resurse pentru automatizarea proceselor și campaniilor de marketing.
437,Quora,subcategory,427,quora,0,Ghiduri pentru utilizarea AI în analiza datelor pentru a îmbunătăți strategiile de marketing.
438,Mastodon,subcategory,427,mastodon,0,Resurse pentru dezvoltarea și implementarea strategiilor de marketing pentru platformele eCommerce.
439,Influencer Marketing,category,381,influencer-marketing,0,Ghiduri pentru utilizarea și optimizarea platformelor de eCommerce.
440,Identificarea influencerilor,subcategory,439,identificarea-influencerilor,0,Resurse pentru implementarea și optimizarea funcționalităților în platformele de eCommerce.
441,Colaborarea cu influencerii,subcategory,439,colaborarea-influencerii,0,Ghiduri pentru optimizarea prezenței pe platformele de shopping online și atragerea clienților.
442,Măsurarea impactului,subcategory,439,masurarea-impactului,0,Resurse pentru utilizarea comparatorilor de prețuri în strategia de marketing eCommerce.
443,Referral & Affiliate Marketing,category,381,referral-affiliate-marketing,0,Ghiduri pentru dezvoltarea și implementarea strategiilor de marketing pentru produsele SaaS.
444,Principii de referral marketing,subcategory,443,principii-referral-marketing,0,Resurse pentru gestionarea și utilizarea recenziilor de business în strategiile de marketing SaaS.
445,Tehnici de affiliate marketing,subcategory,443,tehnici-affiliate-marketing,0,Ghiduri pentru integrarea funcționalităților de eCommerce în produsele SaaS.
446,Unelte de management,subcategory,443,unelte-management,0,Resurse pentru dezvoltarea și implementarea strategiilor de marketing pentru afacerile fizice.
447,Email & Permission Marketing,category,381,email-permission-marketing,0,Ghiduri pentru utilizarea Google Maps și Google My Business în strategiile de marketing brick & mortar.
448,Crearea listelor de email,subcategory,447,crearea-listelor-email,0,Resurse pentru optimizarea prezenței pe TripAdvisor și atragerea clienților pentru afacerile fizice.
449,Segmentarea audienței,subcategory,447,segmentarea-audientei,0,Ghiduri pentru dezvoltarea și implementarea strategiilor de business eficiente.
450,Tehnici de email marketing,subcategory,447,tehnici-email-marketing,0,Resurse pentru dezvoltarea și aplicarea strategiilor și tacticilor eficiente de business.
451,Automatizarea campaniilor,subcategory,447,automatizarea-campaniilor,0,Ghiduri pentru stabilirea și ajustarea prețurilor în funcție de piață și concurență.
452,Marketplace & Mobile App Marketing,category,381,marketplace-mobile-app,0,Resurse pentru identificarea și atingerea product-market fit pentru produsele și serviciile tale.
453,Marketing pe marketplace-uri,subcategory,452,marketing-marketplaceuri,0,Ghiduri pentru extinderea afacerii pe piețele internaționale.
454,Promovarea aplicațiilor mobile,subcategory,452,promovarea-aplicatiilor-mobile,0,Resurse pentru dezvoltarea și aplicarea tacticilor de growth hacking pentru creșterea rapidă a afacerii.
455,Optimizarea magazinului de aplicații,subcategory,452,optimizarea-magazinului,0,Ghiduri pentru atragerea traficului inbound și utilizarea canalelor eficiente de achiziție.
456,B2B Marketing,category,381,b2b-marketing,0,Resurse pentru evaluarea și calificarea traficului pentru a atrage lead-uri valoroase.
457,Strategii de B2B marketing,subcategory,456,strategii-b2b-marketing,0,Ghiduri pentru implementarea A/B Testing și experimentarea pentru optimizarea performanței.
458,Generarea de lead-uri,subcategory,456,generarea-leaduri,0,Resurse pentru optimizarea ratei de conversie și a paginilor de destinație.
459,Campanii de nurturing,subcategory,456,campanii-nurturing,0,"Ghiduri pentru îmbunătățirea proceselor de onboarding, retenție și repetare a afacerilor."
460,"AI, automatizare și tehnologie emergentă în marketing",category,381,ai-automatizare-tehnologie,0,Resurse pentru stabilirea KPI-urilor și măsurarea performanței în campaniile de marketing.
461,Utilizarea AI în marketing,subcategory,460,utilizarea-ai-marketing,0,Resurse pentru dezvoltarea abilităților de networking și securitate cibernetică.
462,Automatizarea proceselor de marketing,subcategory,460,automatizarea-proceselor,0,"Ghiduri pentru învățarea conceptelor fundamentale de IT, rețelistică și securitate."
463,Tehnologii emergente,subcategory,460,tehnologii-emergente,0,Resurse pentru învățarea și aplicarea conceptelor de rețelistică în administrarea rețelelor.
464,Tactici de marketing pentru eCommerce,category,381,tactici-marketing-pentru,0,Ghiduri pentru înțelegerea și utilizarea dispozitivelor esențiale în rețelele de calculatoare.
465,Platforme de eCommerce,subcategory,464,platforme-ecommerce,0,Resurse pentru implementarea și gestionarea serviciilor și aplicațiilor de rețea.
466,Funcționalități de eCommerce,subcategory,464,functionalitati-ecommerce,0,Ghiduri pentru configurarea și administrarea DHCP în rețelele de calculatoare.
467,Shopping marketplaces,subcategory,464,shopping-marketplaces,0,Resurse pentru înțelegerea și configurarea DNS în rețelele de calculatoare.
468,Comparatoare de prețuri,subcategory,464,comparatoare-preturi,0,Ghiduri pentru utilizarea NAT în administrarea rețelelor de calculatoare.
469,Tactici de marketing pentru SaaS,category,381,tactici-marketing-pentru-saas,0,Resurse pentru învățarea conceptelor și implementarea rețelelor WAN.
470,Business reviews,subcategory,469,business-reviews,0,Ghiduri pentru instalarea și întreținerea cablurilor în rețelele de calculatoare.
471,Funcționalități de eCommerce,subcategory,469,functionalitati-ecommerce-1,0,Resurse pentru înțelegerea și aplicarea diverselor topologii de rețea.
472,Tactici de marketing pentru brick & mortar,category,381,tactici-marketing-pentru-brick-,0,Ghiduri pentru dezvoltarea și întreținerea infrastructurii rețelelor de calculatoare.
473,Google Maps & Google My Business,subcategory,472,google-maps-google-my-business,0,Resurse pentru înțelegerea și utilizarea protocoalelor IPv4 și IPv6 în rețele.
474,TripAdvisor,subcategory,472,tripadvisor,0,Ghiduri pentru implementarea și administrarea routing-ului în rețelele de calculatoare.
475,Business strategy,category,381,business-strategy,0,Resurse pentru învățarea și aplicarea tehnicilor de subnetting în rețelele de calculatoare.
476,Strategia și tacticile de business,subcategory,475,strategia-tacticile-business,0,Ghiduri pentru utilizarea virtualizării în administrarea rețelelor și serverelor.
477,Cum să setezi prețurile,subcategory,475,cum-sa-setezi-preturile,0,Resurse pentru implementarea și configurarea rețelelor și serviciilor IT.
478,Product-market fit,subcategory,475,productmarket-fit,0,Ghiduri pentru monitorizarea performanței și efectuarea forensics în rețelele de calculatoare.
479,Internaționalizare,subcategory,475,internationalizare,0,Resurse pentru configurarea dispozitivelor și serviciilor de rețea.
480,Growth hacking,category,381,growth-hacking,0,Ghiduri pentru implementarea și gestionarea autentificării în rețelele de calculatoare.
481,Achiziție și canale de inbound traffic,subcategory,480,achizitie-canale-inbound-traffic,0,Resurse pentru diagnosticarea și rezolvarea problemelor în rețelele de calculatoare.
482,Calificarea traficului,subcategory,480,calificarea-traficului,0,Ghiduri pentru utilizarea și administrarea diverselor sisteme de operare în rețele.
483,A/B Testing și experimentare,subcategory,480,ab-testing-experimentare,0,Resurse pentru învățarea și utilizarea sistemelor de operare Linux și Unix în administrarea rețelelor.
484,CRO și optimizarea landing page-urilor,subcategory,480,cro-optimizarea-landing,0,Ghiduri pentru administrarea și utilizarea sistemului de operare Windows în rețele.
485,"Onboarding, retenție, repeat business",subcategory,480,onboarding-retentie-repeat,0,Resurse pentru utilizarea și administrarea sistemelor de operare MacOS și iOS în rețele.
486,KPI-uri și măsurare,subcategory,480,kpiuri-masurare,0,Ghiduri pentru dezvoltarea și administrarea aplicațiilor pe platforma Android în rețele.
487,Resurse de Networking & Cyber Security,section,,resurse-networking-cyber,0,Resurse pentru învățarea și aplicarea conceptelor de securitate cibernetică.
488,"Introducere în IT, rețelistică și securitate",category,487,introducere-it-retelistica,0,Ghiduri pentru înțelegerea și utilizarea criptografiei în securitatea cibernetică.
489,Istoria IT,subcategory,488,istoria-it,0,Resurse pentru identificarea și gestionarea vulnerabilităților în sistemele IT.
490,Bazele rețelisticii,subcategory,488,bazele-retelisticii,0,Ghiduri pentru răspunsul la incidente și descoperirea breșelor de securitate.
491,Principii de securitate,subcategory,488,principii-securitate,0,Resurse pentru clasificarea și gestionarea amenințărilor cibernetice.
492,Legalitate și etică în securitate,subcategory,488,legalitate-etica-securitate,0,Ghiduri pentru gestionarea și securizarea protocoalelor în rețelele de calculatoare.
493,Rețelistică,category,487,retelistica-1,0,Resurse pentru gestionarea și analizarea log-urilor în scopuri de securitate.
494,Dispozitive din rețea,subcategory,493,dispozitive-din-retea,0,Ghiduri pentru identificarea și prevenirea atacurilor de rețea.
495,Servicii și aplicații de rețea,subcategory,493,servicii-aplicatii-retea,0,Resurse pentru protejarea aplicațiilor împotriva atacurilor cibernetice.
496,DHCP,subcategory,493,dhcp,0,Ghiduri pentru prevenirea și gestionarea atacurilor de tip social engineering.
497,DNS,subcategory,493,dns,0,Resurse pentru întărirea securității sistemelor și rețelelor IT.
498,Network Address Translation,subcategory,493,network-address-translation,0,Ghiduri pentru utilizarea uneltelor de securitate în protejarea infrastructurii IT.
499,WAN,subcategory,493,wan,0,Resurse pentru obținerea certificărilor în domeniul securității cibernetice.
500,Cablare,subcategory,493,cablare,0,Ghiduri pentru asigurarea securității în mediul cloud.
501,Topologii de rețea,subcategory,493,topologii-retea,0,Resurse pentru înțelegerea conceptelor fundamentale de securitate în cloud.
502,Infrastructură,subcategory,493,infrastructura,0,Ghiduri pentru implementarea securității pe platforma Amazon Web Services.
503,Protocoale: IPv4 vs IPv6,subcategory,493,protocoale-ipv4-vs-ipv6,0,Resurse pentru asigurarea securității pe platforma Google Cloud.
504,Routing,subcategory,493,routing,0,Ghiduri pentru implementarea securității pe platforma Microsoft Azure.
505,Subnetting,subcategory,493,subnetting,0,Resurse pentru asigurarea securității în cloud-urile private.
506,Virtualizare,subcategory,493,virtualizare,0,Ghiduri pentru implementarea securității în diverse platforme cloud.
507,Implementare,subcategory,493,implementare,0,Resurse pentru învățarea limbajelor de programare esențiale în securitatea cibernetică.
508,Monitorizare și forensics,subcategory,493,monitorizare-forensics,0,Ghiduri pentru utilizarea limbajului Python în dezvoltarea și securizarea aplicațiilor.
509,Configurare,subcategory,493,configurare,0,Resurse pentru învățarea și utilizarea limbajului Go în proiectele de securitate cibernetică.
510,Autentificare,subcategory,493,autentificare-1,0,Ghiduri pentru utilizarea limbajului Rust în dezvoltarea aplicațiilor securizate.
511,Troubleshooting,subcategory,493,troubleshooting,0,Resurse pentru utilizarea limbajului JavaScript în securizarea aplicațiilor web.
512,Sisteme de operare,category,487,sisteme-operare-1,0,Ghiduri pentru dezvoltarea și securizarea aplicațiilor folosind limbajul C++.
513,Linux / Unix,subcategory,512,linux-unix-1,0,Resurse pentru utilizarea scripturilor Bash și PowerShell în administrarea securității IT.
514,Windows,subcategory,512,windows-1,0,Ghiduri pentru dezvoltarea abilităților de management și leadership în domeniul IT.
515,MacOS / iOS,subcategory,512,macos-ios-1,0,"Resurse pentru implementarea metodologiilor de workflow, SCRUM și project management în IT."
516,Android,subcategory,512,android-1,0,Ghiduri pentru utilizarea tehnicilor de management al proiectelor în dezvoltarea software.
517,Securitate cibernetică,category,487,securitate-cibernetica,0,Resurse pentru dezvoltarea abilităților de management și leadership în echipele IT.
518,Criptografie,subcategory,517,criptografie,0,Ghiduri pentru îmbunătățirea abilităților de leadership și gestionarea echipelor IT.
519,Vulnerabilități,subcategory,517,vulnerabilitati,0,Resurse pentru dezvoltarea abilităților de product management în proiectele IT.
520,Incident response & discovery,subcategory,517,incident-response-discovery,0,Ghiduri pentru utilizarea tehnicilor de product management în dezvoltarea produselor IT.
521,Threat classification,subcategory,517,threat-classification,0,Resurse pentru dezvoltarea și gestionarea startup-urilor și proiectelor antreprenoriale.
522,Management-ul protocoalelor,subcategory,517,managementul-protocoalelor,0,"Ghiduri pentru începători în antreprenoriat, acoperind conceptele fundamentale și tehnicile de bază."
523,Management-ul log-urilor,subcategory,517,managementul-logurilor-1,0,Resurse pentru identificarea și atingerea product-market fit pentru produsele și serviciile tale.
524,Atacuri de rețea,subcategory,517,atacuri-retea,0,Ghiduri pentru îmbunătățirea procesului de recrutare și gestionarea eficientă a talentelor.
525,Atacuri de aplicație,subcategory,517,atacuri-aplicatie,0,Resurse pentru utilizarea tehnicilor de recrutare în atragerea și selectarea candidaților potriviți.
526,Atacuri la adresa oamenilor,subcategory,517,atacuri-adresa-oamenilor,0,Ghiduri pentru gestionarea și dezvoltarea talentelor în cadrul organizațiilor.
527,Hardening,subcategory,517,hardening,0,Resurse pentru optimizarea procesului de angajare și îmbunătățirea șanselor de succes.
528,Unelte de securitate,subcategory,517,unelte-securitate,0,Ghiduri pentru redactarea unui CV eficient și pregătirea pentru interviuri.
529,Certificări,subcategory,517,certificari,0,Resurse pentru utilizarea platformelor de angajare în găsirea oportunităților de muncă.
530,Securitate în Cloud,category,487,securitate-cloud,0,Ghiduri pentru dezvoltarea rețelelor de contacte profesionale și utilizarea acestora în căutarea unui loc de muncă.
531,Concepte de bază pentru securitate în Cloud,subcategory,530,concepte-baza-pentru-securitate,0,Resurse pentru dezvoltarea unei cariere de succes ca freelancer.
532,Securitate pentru Amazon Web Services,subcategory,530,securitate-pentru-amazon-web,0,Ghiduri pentru utilizarea platformelor de freelancing în găsirea proiectelor și clienților.
533,Securitate pentru Google Cloud,subcategory,530,securitate-pentru-google-cloud,0,Resurse pentru gestionarea eficientă a timpului și proiectelor ca freelancer.
534,Securitate pentru Azure,subcategory,530,securitate-pentru-azure,0,Ghiduri pentru dezvoltarea abilităților de negociere și stabilirea tarifelor corecte.
535,Securitate pentru cloud-uri private,subcategory,530,securitate-pentru-clouduri,0,Resurse pentru învățarea tehnicilor de testare manuală și automată a aplicațiilor software.
536,Securitate pentru alte sisteme cloud,subcategory,530,securitate-pentru-alte-sisteme,0,Ghiduri pentru învățarea conceptelor fundamentale ale testării software.
537,Limbaje de programare,category,487,limbaje-programare-2,0,Resurse pentru aplicarea tehnicilor de testare funcțională în proiectele software.
538,Python,subcategory,537,python-1,0,Ghiduri pentru utilizarea tehnicilor de testare non-funcțională în evaluarea performanței și securității aplicațiilor.
539,Go,subcategory,537,go,0,Resurse pentru învățarea și aplicarea altor tehnici de testare în proiectele software.
540,Rust,subcategory,537,rust-1,0,Ghiduri pentru implementarea automatizării testării în dezvoltarea front end.
541,JavaScript,subcategory,537,javascript-1,0,Resurse pentru automatizarea testării aplicațiilor back end și a serviciilor.
542,C++,subcategory,537,c,0,Ghiduri pentru automatizarea testării aplicațiilor mobile pe diverse platforme.
543,Bash / PowerShell,subcategory,537,bash-powershell,0,Resurse pentru monitorizarea aplicațiilor și analizarea log-urilor în scopuri de testare.
544,Resurse de Management,section,,resurse-management,0,Ghiduri pentru utilizarea tehnicilor de testare headless în proiectele software.
545,"Workflow, SCRUM și Project Management",category,544,workflow-scrum-project,0,Resurse pentru integrarea testării automate în sistemele de integrare continuă și livrare continuă (CI/CD).
546,Metodologii Agile,subcategory,545,metodologii-agile,0,Ghiduri pentru explorarea diverselor domenii ale științei și tehnologiei.
547,Instrumente de management al proiectelor,subcategory,545,instrumente-management-al,0,Resurse pentru învățarea și înțelegerea celor mai recente inovații și descoperiri științifice.
548,Managementul resurselor,subcategory,545,managementul-resurselor,0,Ghiduri pentru învățarea și aplicarea tehnologiilor emergente în diverse domenii.
549,Management & Leadership,category,544,management-leadership,0,Resurse pentru înțelegerea și aplicarea conceptelor de știință aplicată în proiectele tehnice.
550,Dezvoltarea abilităților de leadership,subcategory,549,dezvoltarea-abilitatilor,0,Ghiduri pentru promovarea și popularizarea științei în rândul publicului larg.
551,Gestionarea echipelor,subcategory,549,gestionarea-echipelor,0,Resurse pentru învățarea limbii engleze și îmbunătățirea abilităților de comunicare.
552,Managementul schimbării,subcategory,549,managementul-schimbarii,0,Ghiduri pentru alegerea și urmarea cursurilor de engleză pentru diverse niveluri.
553,Product Management,category,544,product-management,0,Resurse pentru practicarea conversației în engleză și îmbunătățirea fluenței.
554,Ciclul de viață al produsului,subcategory,553,ciclul-viata-al-produsului,0,Ghiduri pentru învățarea limbajului de afaceri în engleză și aplicarea acestuia în mediul profesional.
555,Planificare și roadmap,subcategory,553,planificare-roadmap,0,Resurse pentru pregătirea și susținerea examenelor de certificare în limba engleză.
556,Tehnici de prioritizare,subcategory,553,tehnici-prioritizare,0,"Ghiduri pentru dezvoltarea personală și profesională, incluzând sfaturi practice și motivaționale."
557,Antreprenoriat și startup-uri,category,544,antreprenoriat-startupuri,0,Resurse pentru îmbunătățirea abilităților de dezvoltare personală și atingerea obiectivelor personale.
558,Introducere în antreprenoriat,subcategory,557,introducere-antreprenoriat,0,Ghiduri pentru gestionarea eficientă a timpului și creșterea productivității.
559,Product-market fit,subcategory,557,productmarket-fit-1,0,Resurse pentru menținerea sănătății și a stării de bine prin practici de wellness.
560,Sfaturi pentru recrutori,category,544,sfaturi-pentru-recrutori,0,Ghiduri pentru găsirea motivației și inspirației în viața personală și profesională.
561,Tehnici de recrutare,subcategory,560,tehnici-recrutare,0,Ghiduri pentru dezvoltarea abilităților de management și leadership în domeniul IT.
562,Evaluarea candidaților,subcategory,560,evaluarea-candidatilor,0,Resurse pentru dezvoltarea abilităților de product management în proiectele IT.
563,Onboarding,subcategory,560,onboarding,0,Resurse pentru dezvoltarea și gestionarea startup-urilor și proiectelor antreprenoriale.
564,Alte resurse digitale,section,,alte-resurse-digitale,0,Resurse pentru optimizarea procesului de angajare și îmbunătățirea șanselor de succes.
565,Cum să te angajezi mai ușor,category,564,cum-sa-te-angajezi-mai-usor,0,Resurse pentru dezvoltarea unei cariere de succes ca freelancer.
566,Scrierea CV-ului,subcategory,565,scrierea-cvului,0,Resurse pentru învățarea tehnicilor de testare manuală și automată a aplicațiilor software.
567,Pregătirea pentru interviu,subcategory,565,pregatirea-pentru-interviu,0,Ghiduri pentru explorarea diverselor domenii ale științei și tehnologiei.
568,Networking profesional,subcategory,565,networking-profesional,0,Resurse pentru învățarea limbii engleze și îmbunătățirea abilităților de comunicare.
569,Freelancing,category,564,freelancing,0,"Ghiduri pentru dezvoltarea personală și profesională, incluzând sfaturi practice și motivaționale."
570,Cum să găsești clienți,subcategory,569,cum-sa-gasesti-clienti,0,"Resurse pentru începători în product management, acoperind conceptele fundamentale și tehnicile de bază."
571,Gestionarea proiectelor,subcategory,569,gestionarea-proiectelor,0,Ghiduri pentru gestionarea ciclului de viață al produsului de la concept până la lansare.
572,Stabilirea prețurilor,subcategory,569,stabilirea-preturilor,0,Resurse pentru dezvoltarea și aplicarea strategiilor eficiente de product management.
573,Testare manuală (MQA) și automată (AQA),category,564,testare-manuala-mqa-automata-aqa,0,Ghiduri pentru utilizarea tehnicilor de prioritizare în gestionarea produselor IT.
574,Fundamentele testării,subcategory,573,fundamentele-testarii,0,"Resurse pentru începători în freelancing, acoperind conceptele fundamentale și tehnicile de bază."
575,Tehnici de testare funcțională,subcategory,573,tehnici-testare-functionala,0,Ghiduri pentru dezvoltarea și aplicarea strategiilor de marketing pentru freelanceri.
576,Tehnici de testare non-funcțională,subcategory,573,tehnici-testare-nonfunctionala,0,Resurse pentru găsirea și atragerea clienților și proiectelor ca freelancer.
577,Alte tehnici de testare,subcategory,573,alte-tehnici-testare,0,Ghiduri pentru gestionarea finanțelor și stabilirea tarifelor corecte ca freelancer.
578,Automatizare de front end,subcategory,573,automatizare-front-end,0,Resurse pentru alegerea și urmarea cursurilor de testare manuală și automată.
579,Automatizare de back end,subcategory,573,automatizare-back-end,0,Ghiduri pentru utilizarea celor mai eficiente instrumente de testare automată.
580,Automatizare mobilă,subcategory,573,automatizare-mobila,0,Resurse pentru crearea și gestionarea scenariilor de testare în proiectele software.
581,Monitorizare și log-uri,subcategory,573,monitorizare-loguri,0,Ghiduri pentru integrarea testării automate în procesele de DevOps.
582,Tehnici de testare headless,subcategory,573,tehnici-testare-headless,0,"Resurse pentru începători în știință și tehnologie, acoperind conceptele fundamentale."
583,Integrare în sisteme de CI/CD,subcategory,573,integrare-sisteme-cicd,0,Ghiduri pentru înțelegerea impactului tehnologiei asupra societății moderne.
584,Știință și tehnologie,category,564,știinta-tehnologie,0,Resurse pentru învățarea și aplicarea tehnologiilor sustenabile și inovative.
585,Descoperiri științifice recente,subcategory,584,descoperiri-stiintifice-recente,0,Ghiduri pentru promovarea științei populare și educației STEM.
586,Inovații tehnologice,subcategory,584,inovatii-tehnologice,0,"Resurse pentru începători în limba engleză, acoperind conceptele fundamentale."
587,Tendințe în tehnologie,subcategory,584,tendinte-tehnologie,0,Ghiduri pentru practicarea gramaticii și vocabularului în limba engleză.
588,Limba Engleză,category,564,limba-engleza,0,Resurse pentru dezvoltarea abilităților de scriere în limba engleză.
589,Învățarea limbii engleze,subcategory,588,invatarea-limbii-engleze,0,Ghiduri pentru utilizarea limbii engleze în contexte profesionale și de afaceri.
590,Practici de comunicare,subcategory,588,practici-comunicare,0,"Resurse pentru dezvoltarea personală și profesională, incluzând sfaturi practice și motivaționale."
591,Resurse pentru exersare,subcategory,588,resurse-pentru-exersare,0,Ghiduri pentru îmbunătățirea abilităților de comunicare interpersonală și profesională.
592,Sfaturi generale și de viață,category,564,sfaturi-generale-viata,0,Resurse pentru gestionarea stresului și menținerea unui echilibru sănătos între viața personală și profesională.
593,Gestionarea timpului,subcategory,592,gestionarea-timpului,0,Ghiduri pentru practicarea mindfulness și meditației pentru o viață mai echilibrată.
594,Tehnici de productivitate,subcategory,592,tehnici-productivitate,0,Resurse pentru stabilirea obiectivelor și planificarea personală eficientă.
595,Sfaturi pentru sănătate mentală,subcategory,592,sfaturi-pentru-sanatate-mentala,0,"Ghiduri pentru începători în antreprenoriat, acoperind conceptele fundamentale și tehnicile de bază."
596,Comunicare verbală și non-verbală,subcategory,565,comunicare-verbala-nonverbala,0,Resurse pentru dezvoltarea și evaluarea unei idei de afaceri.
597,Prezentări și public speaking,subcategory,565,prezentari-public-speaking,0,Ghiduri pentru obținerea finanțării și atragerea investițiilor pentru startup-uri.
598,Negociere și influență,subcategory,565,negociere-influenta,0,Resurse pentru gestionarea riscurilor și provocărilor în antreprenoriat.
599,Colaborare și cooperare,subcategory,569,colaborare-cooperare,0,Ghiduri pentru dezvoltarea și implementarea strategiilor de creștere și scalabilitate în startup-uri.
600,Managementul conflictelor,subcategory,569,managementul-conflictelor,0,Resurse pentru dezvoltarea carierei de freelancer și gestionarea unui startup de succes.
601,Teambuilding și spirit de echipă,subcategory,569,teambuilding-spirit-echipa,0,Ghiduri pentru dezvoltarea abilităților soft necesare pentru succesul în carieră.
602,Tehnici de gândire critică,subcategory,592,tehnici-gandire-critica,0,Resurse pentru îmbunătățirea abilităților de comunicare în mediul profesional.
603,Metodologii de rezolvare a problemelor,subcategory,592,metodologii-rezolvare,0,Ghiduri pentru colaborarea eficientă și lucrul în echipă.
604,Decizii bazate pe date,subcategory,592,decizii-bazate-date,0,Resurse pentru dezvoltarea abilităților de gândire critică și rezolvarea problemelor.
605,Tehnici de management al timpului,subcategory,592,tehnici-management-al-timpului,0,Ghiduri pentru îmbunătățirea abilităților de prezentare și vorbit în public.
606,Prioritizare și planificare,subcategory,592,prioritizare-planificare,0,Resurse pentru dezvoltarea abilităților de negociere și influențare.
607,Instrumente pentru creșterea productivității,subcategory,592,instrumente-pentru-cresterea,0,Ghiduri pentru gestionarea și rezolvarea conflictelor în mediul profesional.
608,Managementul resurselor,subcategory,545,managementul-resurselor-1,0,Resurse pentru dezvoltarea abilităților de adaptabilitate și flexibilitate.
609,Dezvoltarea abilităților de leadership,subcategory,549,dezvoltarea-abilitatilor-1,0,Ghiduri pentru gestionarea eficientă a timpului și prioritizarea sarcinilor.
610,Gestionarea echipelor,subcategory,549,gestionarea-echipelor-1,0,Resurse pentru dezvoltarea inteligenței emoționale și îmbunătățirea relațiilor interpersonale.
611,Managementul schimbării,subcategory,549,managementul-schimbarii-1,0,Ghiduri pentru dezvoltarea abilităților de leadership și influențare a echipelor.
612,Introducere în Cloud Computing,category,94,introducere-cloud-computing,0,Resurse pentru stimularea creativității și inovației în mediul profesional.
613,"Tipuri de cloud (public, privat, hibrid)",subcategory,612,tipuri-cloud-public-privat,0,Ghiduri pentru menținerea unei dezvoltări personale și profesionale continue.
614,Principii și concepte de bază,subcategory,612,principii-concepte-baza,0,Resurse pentru dezvoltarea rețelelor profesionale și utilizarea acestora în carieră.
615,Platforme de Cloud Computing,category,94,platforme-cloud-computing,0,Ghiduri pentru îmbunătățirea abilităților de luare a deciziilor în mediul profesional.
616,Amazon Web Services (AWS),subcategory,615,amazon-web-services-aws,0,Resurse și ghiduri suplimentare pentru dezvoltarea abilităților digitale.
617,Microsoft Azure,subcategory,615,microsoft-azure,0,Ghiduri pentru începători în diverse domenii digitale.
618,Google Cloud Platform (GCP),subcategory,615,google-cloud-platform-gcp,0,Resurse pentru utilizarea uneltelor și resurselor online în dezvoltarea abilităților digitale.
619,"Alte platforme (IBM Cloud, Oracle Cloud)",subcategory,615,alte-platforme-ibm-cloud-oracle,0,Ghiduri pentru utilizarea platformelor de învățare online pentru dezvoltarea abilităților.
620,DevOps în Cloud,category,94,devops-cloud,0,Resurse pentru găsirea și utilizarea tutorialelor și ghidurilor online.
621,CI/CD în cloud,subcategory,620,cicd-cloud,0,Ghiduri pentru implicarea în comunități online pentru dezvoltarea profesională.
622,Containere și orchestrare,subcategory,620,containere-orchestrare,0,Resurse pentru găsirea blogurilor și website-urilor utile în diverse domenii.
623,Monitorizarea și logarea în cloud,subcategory,620,monitorizarea-logarea-cloud,0,Ghiduri pentru utilizarea video-urilor educaționale pentru învățare.
624,Practici de securitate,subcategory,530,practici-securitate,0,Resurse pentru utilizarea podcasturilor și webinarilor în dezvoltarea profesională.
625,Gestionarea identității și accesului,subcategory,530,gestionarea-identitatii,0,Ghiduri pentru menținerea unei învățări continue și autoeducație.
626,Conformitate și reglementări,subcategory,530,conformitate-reglementari,0,Resurse pentru obținerea certificărilor și acreditărilor online.
627,Introducere în Analiza Datelor,category,94,introducere-analiza-datelor,0,Ghiduri pentru implicarea în proiecte practice și provocări pentru dezvoltarea abilităților.
628,Principii fundamentale de analiză a datelor,subcategory,627,principii-fundamentale-analiza,0,Resurse pentru a rămâne la curent cu noutățile și tendințele din domeniul digital.
629,Tipuri de date și surse de date,subcategory,627,tipuri-date-surse-date,0,Ghiduri pentru dezvoltarea abilităților tehnice și non-tehnice necesare în carieră.
630,Instrumente de Vizualizare a Datelor,category,94,instrumente-vizualizare-datelor,0,Resurse pentru explorarea și identificarea oportunităților de carieră în domeniul digital.
631,Tableau,subcategory,630,tableau,0,Ghiduri pentru crearea și urmarea unui plan de dezvoltare profesională.
632,Power BI,subcategory,630,power-bi,0,Resurse pentru integrarea eficientă a tehnologiei în viața profesională.
633,Google Data Studio,subcategory,630,google-data-studio,0,Ghiduri pentru găsirea și implicarea în programe de mentorat și coaching digital.
634,D3.js,subcategory,630,d3js,0,Resurse pentru învățarea eficientă online și maximizarea beneficiilor educației digitale.
635,Statistici și Probabilități,category,94,statistici-probabilitati,0,Ghiduri pentru adoptarea și dezvoltarea unei mentalități digitale în carieră.
636,Statistici descriptive,subcategory,635,statistici-descriptive,0,Resurse pentru planificarea și gestionarea unei cariere de succes în domeniul digital.
637,Statistici inferențiale,subcategory,635,statistici-inferentiale,0,Ghiduri pentru adaptarea la schimbările tehnologice și menținerea competitivității.
638,Teoria probabilităților,subcategory,635,teoria-probabilitatilor,0,Resurse pentru explorarea și înțelegerea noilor tehnologii și trenduri în domeniul digital.
639,Analiză Predictivă,category,94,analiza-predictiva,0,Ghiduri pentru dezvoltarea abilităților de leadership în domeniul digital.
640,Modelare predictivă,subcategory,639,modelare-predictiva,0,Resurse pentru îmbunătățirea abilităților de prezentare în mediul online.
641,Regresie și clasificare,subcategory,639,regresie-clasificare,0,"Resurse pentru dezvoltarea abilităților de front end, incluzând HTML, CSS și JavaScript."
642,Serii temporale,subcategory,639,serii-temporale,0,"Ghiduri pentru începători în dezvoltarea front end, acoperind conceptele fundamentale."
